"CustomerID","Recency","Frequency","Monetary","R_Seq","F_Seq","M_Seq","RFM_Score_Seq","Segment_Seq","R_Ind","F_Ind","M_Ind","RFM_Score_Ind","Segment_Ind"
"12347",15,2,39.74,5,2,5,525,"Potential Customers",5,4,4,544,"Champions"
"12354",118,1,15.9,2,1,2,212,"Lost Customers",2,1,2,212,"Lost Customers"
"12359",192,1,17.7,1,1,3,113,"Lost Customers",1,1,2,112,"Lost Customers"
"12362",111,2,41.88,2,4,5,245,"Potential Customers",2,4,4,244,"Potential Customers"
"12370",160,1,15,1,1,2,112,"Lost Customers",1,1,2,112,"Lost Customers"
"12373",198,1,8.5,1,1,1,111,"Lost Customers",1,1,1,111,"Lost Customers"
"12377",202,1,22.5,1,1,3,113,"Lost Customers",1,1,3,113,"Lost Customers"
"12378",15,1,54.9,5,1,5,515,"Potential Customers",5,1,4,514,"Potential Customers"
"12380",71,1,17.7,3,1,3,313,"Potential Customers",3,1,2,312,"Potential Customers"
"12381",5,1,27.6,5,1,4,514,"Potential Customers",5,1,3,513,"Potential Customers"
"12383",124,1,19.9,2,1,3,213,"Lost Customers",2,1,3,213,"Lost Customers"
"12388",161,3,47.4,1,5,5,155,"Potential Customers",1,5,4,154,"Potential Customers"
"12397",21,1,25.08,5,1,3,513,"Potential Customers",5,1,3,513,"Potential Customers"
"12399",99,1,8.4,2,1,1,211,"Lost Customers",2,1,1,211,"Lost Customers"
"12405",34,1,17.7,4,1,3,413,"Potential Customers",4,1,2,412,"Potential Customers"
"12406",69,1,91.5,3,1,5,315,"Potential Customers",3,1,5,315,"Potential Customers"
"12407",42,1,48.36,4,1,5,415,"Potential Customers",4,1,4,414,"Potential Customers"
"12415",29,4,1073.54,4,5,5,455,"Champions",4,5,5,455,"Champions"
"12423",132,1,5.04,2,1,1,211,"Lost Customers",2,1,1,211,"Lost Customers"
"12426",80,1,41.1,3,1,4,314,"Potential Customers",3,1,4,314,"Potential Customers"
"12428",128,3,164.1,2,5,5,255,"Potential Customers",2,5,5,255,"Potential Customers"
"12429",58,1,72.6,4,1,5,415,"Potential Customers",4,1,5,415,"Potential Customers"
"12431",24,3,64.5,5,4,4,544,"Champions",5,5,5,555,"Champions"
"12437",111,1,30,2,1,4,214,"Lost Customers",2,1,3,213,"Lost Customers"
"12444",7,2,86.15,5,2,5,525,"Potential Customers",5,4,5,545,"Champions"
"12449",15,2,103.82,5,3,5,535,"Loyal Customers",5,4,5,545,"Champions"
"12451",104,2,108.71,2,4,5,245,"Potential Customers",2,4,5,245,"Potential Customers"
"12453",20,1,24.9,5,1,3,513,"Potential Customers",5,1,3,513,"Potential Customers"
"12455",183,1,25.5,1,1,4,114,"Lost Customers",1,1,3,113,"Lost Customers"
"12456",17,2,87.78,5,3,4,534,"Loyal Customers",5,4,5,545,"Champions"
"12462",190,1,22.5,1,1,3,113,"Lost Customers",1,1,3,113,"Lost Customers"
"12468",203,1,19.8,1,1,3,113,"Lost Customers",1,1,3,113,"Lost Customers"
"12471",152,2,37.8,1,5,4,154,"Potential Customers",1,4,4,144,"Potential Customers"
"12472",65,2,36.9,3,3,4,334,"Loyal Customers",3,4,4,344,"Loyal Customers"
"12474",92,3,50,3,5,3,353,"Loyal Customers",3,5,4,354,"Loyal Customers"
"12476",27,2,50.64,4,3,4,434,"Loyal Customers",4,4,4,444,"Champions"
"12477",125,2,149.65,2,4,5,245,"Potential Customers",2,4,5,245,"Potential Customers"
"12480",153,1,35.7,1,1,5,115,"Lost Customers",1,1,4,114,"Lost Customers"
"12481",65,2,49.8,3,3,5,335,"Loyal Customers",3,4,4,344,"Loyal Customers"
"12483",69,1,36,3,1,4,314,"Potential Customers",3,1,4,314,"Potential Customers"
"12490",216,1,13.2,1,1,2,112,"Lost Customers",1,1,2,112,"Lost Customers"
"12493",51,1,41.46,4,1,5,415,"Potential Customers",4,1,4,414,"Potential Customers"
"12500",167,1,152.64,1,1,5,115,"Lost Customers",1,1,5,115,"Lost Customers"
"12502",13,2,126.15,5,3,5,535,"Loyal Customers",5,4,5,545,"Champions"
"12510",212,1,30,1,1,4,114,"Lost Customers",1,1,3,113,"Lost Customers"
"12516",66,1,62.4,3,1,5,315,"Potential Customers",3,1,5,315,"Potential Customers"
"12517",12,2,35.23,5,3,2,532,"Loyal Customers",5,4,4,544,"Champions"
"12520",28,2,73.2,4,3,5,435,"Loyal Customers",4,4,5,445,"Champions"
"12521",28,1,15.9,4,1,3,413,"Potential Customers",4,1,2,412,"Potential Customers"
"12523",154,1,10,1,1,1,111,"Lost Customers",1,1,1,111,"Lost Customers"
"12524",48,3,147.6,4,4,5,445,"Champions",4,5,5,455,"Champions"
"12534",16,1,40.5,5,1,4,514,"Potential Customers",5,1,4,514,"Potential Customers"
"12540",23,6,171.81,5,5,4,554,"Champions",5,5,5,555,"Champions"
"12545",145,1,71.4,2,1,5,215,"Lost Customers",2,1,5,215,"Lost Customers"
"12548",52,1,28,4,1,4,414,"Potential Customers",4,1,3,413,"Potential Customers"
"12553",40,2,54.21,4,3,4,434,"Loyal Customers",4,4,4,444,"Champions"
"12556",37,1,8.8,4,1,2,412,"Potential Customers",4,1,1,411,"Potential Customers"
"12560",29,1,50.1,4,1,5,415,"Potential Customers",4,1,4,414,"Potential Customers"
"12561",189,1,23.6,1,1,4,114,"Lost Customers",1,1,3,113,"Lost Customers"
"12562",12,2,113.4,5,3,5,535,"Loyal Customers",5,4,5,545,"Champions"
"12567",70,2,34.2,3,3,4,334,"Loyal Customers",3,4,4,344,"Loyal Customers"
"12569",125,1,17.88,2,1,3,213,"Lost Customers",2,1,3,213,"Lost Customers"
"12576",35,1,12.5,4,1,2,412,"Potential Customers",4,1,2,412,"Potential Customers"
"12583",86,1,15,3,1,2,312,"Potential Customers",3,1,2,312,"Potential Customers"
"12584",71,2,47.4,3,3,4,334,"Loyal Customers",3,4,4,344,"Loyal Customers"
"12585",120,1,14.85,2,1,2,212,"Lost Customers",2,1,2,212,"Lost Customers"
"12590",97,1,69.6,2,1,5,215,"Lost Customers",2,1,5,215,"Lost Customers"
"12593",15,1,16.5,5,1,2,512,"Potential Customers",5,1,2,512,"Potential Customers"
"12594",7,3,173.1,5,4,5,545,"Champions",5,5,5,555,"Champions"
"12598",106,1,50.2,2,1,5,215,"Lost Customers",2,1,4,214,"Lost Customers"
"12604",147,1,28.8,1,1,4,114,"Lost Customers",1,1,3,113,"Lost Customers"
"12609",205,1,20.4,1,1,3,113,"Lost Customers",1,1,3,113,"Lost Customers"
"12613",83,2,95.4,3,3,5,335,"Loyal Customers",3,4,5,345,"Loyal Customers"
"12615",54,1,5.04,4,1,1,411,"Potential Customers",4,1,1,411,"Potential Customers"
"12616",184,1,10.2,1,1,1,111,"Lost Customers",1,1,2,112,"Lost Customers"
"12620",90,1,9.96,3,1,1,311,"Potential Customers",3,1,1,311,"Potential Customers"
"12621",97,6,384.05,2,5,5,255,"Potential Customers",2,5,5,255,"Potential Customers"
"12624",63,1,15.9,3,1,3,313,"Potential Customers",3,1,2,312,"Potential Customers"
"12625",206,1,33.9,1,1,4,114,"Lost Customers",1,1,4,114,"Lost Customers"
"12626",27,3,47.92,4,4,3,443,"Loyal Customers",4,5,4,454,"Champions"
"12635",40,1,5.04,4,1,1,411,"Potential Customers",4,1,1,411,"Potential Customers"
"12637",149,2,23.65,1,5,4,154,"Potential Customers",1,4,3,143,"Potential Customers"
"12639",124,1,30,2,1,4,214,"Lost Customers",2,1,3,213,"Lost Customers"
"12644",15,1,6.64,5,1,1,511,"Potential Customers",5,1,1,511,"Potential Customers"
"12645",105,1,50.8,2,1,5,215,"Lost Customers",2,1,4,214,"Lost Customers"
"12647",85,2,109.5,3,4,5,345,"Loyal Customers",3,4,5,345,"Loyal Customers"
"12652",218,1,23.35,1,1,4,114,"Lost Customers",1,1,3,113,"Lost Customers"
"12654",182,1,8.5,1,1,1,111,"Lost Customers",1,1,1,111,"Lost Customers"
"12656",119,1,17,2,1,3,213,"Lost Customers",2,1,2,212,"Lost Customers"
"12662",29,1,16.6,4,1,3,413,"Potential Customers",4,1,2,412,"Potential Customers"
"12664",209,1,244.08,1,1,5,115,"Lost Customers",1,1,5,115,"Lost Customers"
"12668",145,2,77.28,2,4,5,245,"Potential Customers",2,4,5,245,"Potential Customers"
"12669",36,1,72,4,1,5,415,"Potential Customers",4,1,5,415,"Potential Customers"
"12670",118,1,54,2,1,5,215,"Lost Customers",2,1,4,214,"Lost Customers"
"12673",213,1,5.45,1,1,1,111,"Lost Customers",1,1,1,111,"Lost Customers"
"12674",93,1,89.7,3,1,5,315,"Potential Customers",3,1,5,315,"Potential Customers"
"12678",73,2,292.8,3,4,5,345,"Loyal Customers",3,4,5,345,"Loyal Customers"
"12681",96,3,125.3,3,5,4,354,"Loyal Customers",3,5,5,355,"Loyal Customers"
"12682",44,3,183.8,4,4,5,445,"Champions",4,5,5,455,"Champions"
"12683",97,3,71.96,2,5,4,254,"Potential Customers",2,5,5,255,"Potential Customers"
"12693",13,1,6.64,5,1,1,511,"Potential Customers",5,1,1,511,"Potential Customers"
"12700",42,1,5.04,4,1,1,411,"Potential Customers",4,1,1,411,"Potential Customers"
"12704",13,1,17.85,5,1,3,513,"Potential Customers",5,1,3,513,"Potential Customers"
"12707",178,1,68.7,1,1,5,115,"Lost Customers",1,1,5,115,"Lost Customers"
"12709",76,2,54.23,3,4,4,344,"Loyal Customers",3,4,4,344,"Loyal Customers"
"12712",68,3,112.3,3,5,4,354,"Loyal Customers",3,5,5,355,"Loyal Customers"
"12714",65,3,225.8,3,5,5,355,"Loyal Customers",3,5,5,355,"Loyal Customers"
"12716",19,1,17.7,5,1,3,513,"Potential Customers",5,1,2,512,"Potential Customers"
"12720",36,3,66.4,4,4,4,444,"Champions",4,5,5,455,"Champions"
"12721",132,1,37.75,2,1,5,215,"Lost Customers",2,1,4,214,"Lost Customers"
"12726",70,1,65.16,3,1,5,315,"Potential Customers",3,1,5,315,"Potential Customers"
"12727",167,1,48.6,1,1,5,115,"Lost Customers",1,1,4,114,"Lost Customers"
"12731",61,1,54.84,3,1,5,315,"Potential Customers",3,1,4,314,"Potential Customers"
"12743",20,2,12.2,5,3,1,531,"Loyal Customers",5,4,2,542,"Loyal Customers"
"12744",30,3,222.9,4,4,5,445,"Champions",4,5,5,455,"Champions"
"12747",84,1,27.04,3,1,4,314,"Potential Customers",3,1,3,313,"Potential Customers"
"12748",14,19,90.35,5,5,3,553,"Loyal Customers",5,5,5,555,"Champions"
"12749",16,2,194.91,5,3,5,535,"Loyal Customers",5,4,5,545,"Champions"
"12753",21,2,87.84,5,3,4,534,"Loyal Customers",5,4,5,545,"Champions"
"12754",195,1,0.29,1,1,1,111,"Lost Customers",1,1,1,111,"Lost Customers"
"12757",71,1,16.5,3,1,3,313,"Potential Customers",3,1,2,312,"Potential Customers"
"12758",2,2,48,5,3,3,533,"Loyal Customers",5,4,4,544,"Champions"
"12759",57,2,57.1,4,3,4,434,"Loyal Customers",4,4,4,444,"Champions"
"12763",24,1,87,5,1,5,515,"Potential Customers",5,1,5,515,"Potential Customers"
"12764",203,1,47.4,1,1,5,115,"Lost Customers",1,1,4,114,"Lost Customers"
"12766",126,2,43.4,2,4,5,245,"Potential Customers",2,4,4,244,"Potential Customers"
"12769",124,1,61.2,2,1,5,215,"Lost Customers",2,1,5,215,"Lost Customers"
"12778",199,1,30,1,1,4,114,"Lost Customers",1,1,3,113,"Lost Customers"
"12779",84,2,29.7,3,4,2,342,"Loyal Customers",3,4,3,343,"Loyal Customers"
"12781",171,1,30,1,1,4,114,"Lost Customers",1,1,3,113,"Lost Customers"
"12782",35,1,34.8,4,1,4,414,"Potential Customers",4,1,4,414,"Potential Customers"
"12787",78,1,17,3,1,3,313,"Potential Customers",3,1,2,312,"Potential Customers"
"12792",142,1,56,2,1,5,215,"Lost Customers",2,1,4,214,"Lost Customers"
"12798",56,1,515.52,4,1,5,415,"Potential Customers",4,1,5,415,"Potential Customers"
"12802",72,1,12.6,3,1,2,312,"Potential Customers",3,1,2,312,"Potential Customers"
"12811",171,1,14.75,1,1,2,112,"Lost Customers",1,1,2,112,"Lost Customers"
"12816",62,1,80,3,1,5,315,"Potential Customers",3,1,5,315,"Potential Customers"
"12820",213,1,15,1,1,2,112,"Lost Customers",1,1,2,112,"Lost Customers"
"12821",100,1,10.2,2,1,1,211,"Lost Customers",2,1,2,212,"Lost Customers"
"12826",203,2,29.56,1,5,4,154,"Potential Customers",1,4,3,143,"Potential Customers"
"12830",20,1,122.4,5,1,5,515,"Potential Customers",5,1,5,515,"Potential Customers"
"12831",148,1,30.6,1,1,4,114,"Lost Customers",1,1,3,113,"Lost Customers"
"12836",23,3,96.59,5,4,4,544,"Champions",5,5,5,555,"Champions"
"12839",19,2,47,5,3,3,533,"Loyal Customers",5,4,4,544,"Champions"
"12840",68,2,51.4,3,4,4,344,"Loyal Customers",3,4,4,344,"Loyal Customers"
"12841",108,4,43.37,2,5,3,253,"Potential Customers",2,5,4,254,"Potential Customers"
"12843",63,3,68.35,3,5,4,354,"Loyal Customers",3,5,5,355,"Loyal Customers"
"12844",16,1,1.65,5,1,1,511,"Potential Customers",5,1,1,511,"Potential Customers"
"12849",154,1,16.84,1,1,2,112,"Lost Customers",1,1,2,112,"Lost Customers"
"12853",20,4,166.7,5,5,4,554,"Champions",5,5,5,555,"Champions"
"12854",127,2,34.75,2,4,4,244,"Potential Customers",2,4,4,244,"Potential Customers"
"12857",189,1,37.65,1,1,5,115,"Lost Customers",1,1,4,114,"Lost Customers"
"12864",24,1,119.52,5,1,5,515,"Potential Customers",5,1,5,515,"Potential Customers"
"12865",9,1,55.7,5,1,5,515,"Potential Customers",5,1,4,514,"Potential Customers"
"12867",51,3,54.17,4,4,4,444,"Champions",4,5,4,454,"Champions"
"12868",104,2,25.3,2,4,4,244,"Potential Customers",2,4,3,243,"Potential Customers"
"12876",82,1,7.8,3,1,1,311,"Potential Customers",3,1,1,311,"Potential Customers"
"12877",10,2,29.07,5,3,2,532,"Loyal Customers",5,4,3,543,"Loyal Customers"
"12878",122,1,49,2,1,5,215,"Lost Customers",2,1,4,214,"Lost Customers"
"12885",9,1,13.2,5,1,2,512,"Potential Customers",5,1,2,512,"Potential Customers"
"12901",29,2,83.46,4,3,5,435,"Loyal Customers",4,4,5,445,"Champions"
"12909",87,2,36.1,3,4,3,343,"Loyal Customers",3,4,4,344,"Loyal Customers"
"12910",20,2,46,5,3,3,533,"Loyal Customers",5,4,4,544,"Champions"
"12916",24,3,97.6,5,4,5,545,"Champions",5,5,5,555,"Champions"
"12921",16,8,231.05,5,5,4,554,"Champions",5,5,5,555,"Champions"
"12928",127,1,10.4,2,1,2,212,"Lost Customers",2,1,2,212,"Lost Customers"
"12931",89,1,288,3,1,5,315,"Potential Customers",3,1,5,315,"Potential Customers"
"12933",57,1,7.95,4,1,2,412,"Potential Customers",4,1,1,411,"Potential Customers"
"12935",89,1,48.6,3,1,4,314,"Potential Customers",3,1,4,314,"Potential Customers"
"12942",17,1,3.25,5,1,1,511,"Potential Customers",5,1,1,511,"Potential Customers"
"12947",29,2,47.55,4,3,4,434,"Loyal Customers",4,4,4,444,"Champions"
"12948",150,1,17,1,1,3,113,"Lost Customers",1,1,2,112,"Lost Customers"
"12951",206,1,34,1,1,5,115,"Lost Customers",1,1,4,114,"Lost Customers"
"12955",105,1,19.8,2,1,3,213,"Lost Customers",2,1,3,213,"Lost Customers"
"12956",193,1,2.95,1,1,1,111,"Lost Customers",1,1,1,111,"Lost Customers"
"12957",72,1,36.9,3,1,4,314,"Potential Customers",3,1,4,314,"Potential Customers"
"12971",21,2,78.6,5,3,4,534,"Loyal Customers",5,4,5,545,"Champions"
"12982",128,1,15,2,1,2,212,"Lost Customers",2,1,2,212,"Lost Customers"
"12987",83,1,25,3,1,3,313,"Potential Customers",3,1,3,313,"Potential Customers"
"12988",179,1,8.5,1,1,1,111,"Lost Customers",1,1,1,111,"Lost Customers"
"12994",6,1,19.8,5,1,3,513,"Potential Customers",5,1,3,513,"Potential Customers"
"12997",122,2,41.9,2,4,5,245,"Potential Customers",2,4,4,244,"Potential Customers"
"13001",103,1,27.45,2,1,4,214,"Lost Customers",2,1,3,213,"Lost Customers"
"13004",100,3,59.95,2,5,4,254,"Potential Customers",2,5,4,254,"Potential Customers"
"13008",210,1,16.5,1,1,2,112,"Lost Customers",1,1,2,112,"Lost Customers"
"13013",9,1,17.7,5,1,3,513,"Potential Customers",5,1,2,512,"Potential Customers"
"13015",83,2,31.85,3,4,2,342,"Loyal Customers",3,4,3,343,"Loyal Customers"
"13018",8,7,116.85,5,5,3,553,"Loyal Customers",5,5,5,555,"Champions"
"13021",149,1,35.4,1,1,5,115,"Lost Customers",1,1,4,114,"Lost Customers"
"13023",15,1,45,5,1,5,515,"Potential Customers",5,1,4,514,"Potential Customers"
"13026",161,1,20.4,1,1,3,113,"Lost Customers",1,1,3,113,"Lost Customers"
"13035",146,1,35.4,1,1,5,115,"Lost Customers",1,1,4,114,"Lost Customers"
"13043",159,1,17.7,1,1,3,113,"Lost Customers",1,1,2,112,"Lost Customers"
"13044",178,1,15.6,1,1,2,112,"Lost Customers",1,1,2,112,"Lost Customers"
"13047",59,2,34,3,4,3,343,"Loyal Customers",3,4,4,344,"Loyal Customers"
"13050",71,1,13.35,3,1,2,312,"Potential Customers",3,1,2,312,"Potential Customers"
"13052",98,1,23.85,2,1,4,214,"Lost Customers",2,1,3,213,"Lost Customers"
"13055",99,1,16.5,2,1,3,213,"Lost Customers",2,1,2,212,"Lost Customers"
"13060",139,1,15.9,2,1,3,213,"Lost Customers",2,1,2,212,"Lost Customers"
"13064",38,1,65.2,4,1,5,415,"Potential Customers",4,1,5,415,"Potential Customers"
"13069",101,3,47,2,5,3,253,"Potential Customers",2,5,4,254,"Potential Customers"
"13077",177,1,25.65,1,1,4,114,"Lost Customers",1,1,3,113,"Lost Customers"
"13078",26,4,133.1,5,5,3,553,"Loyal Customers",5,5,5,555,"Champions"
"13081",29,3,56.78,4,4,4,444,"Champions",4,5,4,454,"Champions"
"13082",43,1,30,4,1,4,414,"Potential Customers",4,1,3,413,"Potential Customers"
"13089",2,15,502.16,5,5,5,555,"Champions",5,5,5,555,"Champions"
"13090",61,2,31.95,3,4,2,342,"Loyal Customers",3,4,3,343,"Loyal Customers"
"13097",59,3,48.58,3,5,3,353,"Loyal Customers",3,5,4,354,"Loyal Customers"
"13098",13,6,246.64,5,5,4,554,"Champions",5,5,5,555,"Champions"
"13102",19,6,134.52,5,5,3,553,"Loyal Customers",5,5,5,555,"Champions"
"13110",143,2,9.65,2,4,2,242,"Potential Customers",2,4,1,241,"Potential Customers"
"13113",87,1,207.5,3,1,5,315,"Potential Customers",3,1,5,315,"Potential Customers"
"13115",70,1,27.9,3,1,4,314,"Potential Customers",3,1,3,313,"Potential Customers"
"13116",24,1,17.85,5,1,3,513,"Potential Customers",5,1,3,513,"Potential Customers"
"13117",103,1,1.92,2,1,1,211,"Lost Customers",2,1,1,211,"Lost Customers"
"13118",94,3,45.29,3,5,3,353,"Loyal Customers",3,5,4,354,"Loyal Customers"
"13121",155,1,5.2,1,1,1,111,"Lost Customers",1,1,1,111,"Lost Customers"
"13122",126,1,17.7,2,1,3,213,"Lost Customers",2,1,2,212,"Lost Customers"
"13124",138,1,29.7,2,1,4,214,"Lost Customers",2,1,3,213,"Lost Customers"
"13134",126,1,17.7,2,1,3,213,"Lost Customers",2,1,3,213,"Lost Customers"
"13136",28,1,34,4,1,4,414,"Potential Customers",4,1,4,414,"Potential Customers"
"13137",24,2,28.95,5,3,1,531,"Loyal Customers",5,4,3,543,"Loyal Customers"
"13139",101,1,30.6,2,1,4,214,"Lost Customers",2,1,3,213,"Lost Customers"
"13141",100,3,68.3,2,5,4,254,"Potential Customers",2,5,5,255,"Potential Customers"
"13148",19,5,56.04,5,5,2,552,"Loyal Customers",5,5,4,554,"Champions"
"13151",182,1,24.95,1,1,4,114,"Lost Customers",1,1,3,113,"Lost Customers"
"13158",41,1,16.5,4,1,3,413,"Potential Customers",4,1,2,412,"Potential Customers"
"13162",119,1,23.28,2,1,4,214,"Lost Customers",2,1,3,213,"Lost Customers"
"13166",169,1,11.7,1,1,1,111,"Lost Customers",1,1,2,112,"Lost Customers"
"13167",29,1,13.9,4,1,2,412,"Potential Customers",4,1,2,412,"Potential Customers"
"13168",205,1,1.45,1,1,1,111,"Lost Customers",1,1,1,111,"Lost Customers"
"13178",100,1,33.1,2,1,5,215,"Lost Customers",2,1,4,214,"Lost Customers"
"13186",14,1,38.65,5,1,4,514,"Potential Customers",5,1,4,514,"Potential Customers"
"13198",135,1,17.7,2,1,3,213,"Lost Customers",2,1,3,213,"Lost Customers"
"13199",153,2,91.32,1,5,5,155,"Potential Customers",1,4,5,145,"Potential Customers"
"13203",6,2,35.2,5,3,2,532,"Loyal Customers",5,4,4,544,"Champions"
"13208",92,1,11.8,3,1,2,312,"Potential Customers",3,1,2,312,"Potential Customers"
"13209",14,3,91.08,5,4,4,544,"Champions",5,5,5,555,"Champions"
"13213",14,2,35.7,5,3,2,532,"Loyal Customers",5,4,4,544,"Champions"
"13221",126,1,5.9,2,1,1,211,"Lost Customers",2,1,1,211,"Lost Customers"
"13227",87,1,10.5,3,1,1,311,"Potential Customers",3,1,2,312,"Potential Customers"
"13230",24,6,34.72,5,5,1,551,"Loyal Customers",5,5,4,554,"Champions"
"13232",82,2,15.8,3,4,1,341,"Loyal Customers",3,4,2,342,"Loyal Customers"
"13235",98,1,12.48,2,1,2,212,"Lost Customers",2,1,2,212,"Lost Customers"
"13240",143,1,24.15,2,1,4,214,"Lost Customers",2,1,3,213,"Lost Customers"
"13243",89,1,18.85,3,1,3,313,"Potential Customers",3,1,3,313,"Potential Customers"
"13246",62,2,25.5,3,4,1,341,"Loyal Customers",3,4,3,343,"Loyal Customers"
"13253",42,1,4.56,4,1,1,411,"Potential Customers",4,1,1,411,"Potential Customers"
"13263",13,13,105.7,5,5,3,553,"Loyal Customers",5,5,5,555,"Champions"
"13265",159,1,17,1,1,3,113,"Lost Customers",1,1,2,112,"Lost Customers"
"13266",89,1,37.4,3,1,4,314,"Potential Customers",3,1,4,314,"Potential Customers"
"13267",44,2,62.6,4,3,4,434,"Loyal Customers",4,4,5,445,"Champions"
"13268",105,3,38.61,2,5,3,253,"Potential Customers",2,5,4,254,"Potential Customers"
"13269",136,1,38.58,2,1,5,215,"Lost Customers",2,1,4,214,"Lost Customers"
"13282",106,1,17.7,2,1,3,213,"Lost Customers",2,1,3,213,"Lost Customers"
"13284",217,1,16.5,1,1,2,112,"Lost Customers",1,1,2,112,"Lost Customers"
"13285",47,3,74.5,4,4,4,444,"Champions",4,5,5,455,"Champions"
"13291",41,1,30,4,1,4,414,"Potential Customers",4,1,3,413,"Potential Customers"
"13294",135,1,19.8,2,1,3,213,"Lost Customers",2,1,3,213,"Lost Customers"
"13301",179,1,11.8,1,1,2,112,"Lost Customers",1,1,2,112,"Lost Customers"
"13305",31,1,15,4,1,2,412,"Potential Customers",4,1,2,412,"Potential Customers"
"13308",89,1,17.7,3,1,3,313,"Potential Customers",3,1,3,313,"Potential Customers"
"13310",92,1,10.2,3,1,1,311,"Potential Customers",3,1,2,312,"Potential Customers"
"13313",27,1,20.8,4,1,4,414,"Potential Customers",4,1,3,413,"Potential Customers"
"13316",17,1,1.25,5,1,1,511,"Potential Customers",5,1,1,511,"Potential Customers"
"13317",125,1,13.2,2,1,2,212,"Lost Customers",2,1,2,212,"Lost Customers"
"13319",55,4,105.1,4,5,4,454,"Champions",4,5,5,455,"Champions"
"13324",89,2,82.2,3,4,5,345,"Loyal Customers",3,4,5,345,"Loyal Customers"
"13327",145,1,11.7,2,1,2,212,"Lost Customers",2,1,2,212,"Lost Customers"
"13328",203,1,30,1,1,4,114,"Lost Customers",1,1,3,113,"Lost Customers"
"13330",71,1,53.8,3,1,5,315,"Potential Customers",3,1,4,314,"Potential Customers"
"13334",76,2,97.34,3,4,5,345,"Loyal Customers",3,4,5,345,"Loyal Customers"
"13340",20,2,406.5,5,3,5,535,"Loyal Customers",5,4,5,545,"Champions"
"13343",63,1,70.8,3,1,5,315,"Potential Customers",3,1,5,315,"Potential Customers"
"13344",163,1,47.4,1,1,5,115,"Lost Customers",1,1,4,114,"Lost Customers"
"13358",154,1,14.85,1,1,2,112,"Lost Customers",1,1,2,112,"Lost Customers"
"13362",174,1,34,1,1,5,115,"Lost Customers",1,1,4,114,"Lost Customers"
"13368",142,1,15,2,1,2,212,"Lost Customers",2,1,2,212,"Lost Customers"
"13373",44,2,174.7,4,3,5,435,"Loyal Customers",4,4,5,445,"Champions"
"13376",120,1,50,2,1,5,215,"Lost Customers",2,1,4,214,"Lost Customers"
"13381",185,1,17.4,1,1,3,113,"Lost Customers",1,1,2,112,"Lost Customers"
"13382",166,1,13.52,1,1,2,112,"Lost Customers",1,1,2,112,"Lost Customers"
"13384",64,1,55.95,3,1,5,315,"Potential Customers",3,1,4,314,"Potential Customers"
"13385",216,1,17,1,1,3,113,"Lost Customers",1,1,2,112,"Lost Customers"
"13388",17,1,65.4,5,1,5,515,"Potential Customers",5,1,5,515,"Potential Customers"
"13394",1,2,30.36,5,3,2,532,"Loyal Customers",5,4,3,543,"Loyal Customers"
"13402",13,1,23.4,5,1,3,513,"Potential Customers",5,1,3,513,"Potential Customers"
"13405",90,1,25.2,3,1,3,313,"Potential Customers",3,1,3,313,"Potential Customers"
"13408",24,6,275.61,5,5,4,554,"Champions",5,5,5,555,"Champions"
"13410",149,1,23,1,1,3,113,"Lost Customers",1,1,3,113,"Lost Customers"
"13418",50,3,22.62,4,4,2,442,"Loyal Customers",4,5,3,453,"Loyal Customers"
"13420",35,1,15,4,1,2,412,"Potential Customers",4,1,2,412,"Potential Customers"
"13425",54,1,16.5,4,1,3,413,"Potential Customers",4,1,2,412,"Potential Customers"
"13426",68,2,101.4,3,4,5,345,"Loyal Customers",3,4,5,345,"Loyal Customers"
"13435",12,1,30,5,1,4,514,"Potential Customers",5,1,3,513,"Potential Customers"
"13437",55,2,45.5,4,3,3,433,"Loyal Customers",4,4,4,444,"Champions"
"13439",141,1,22.35,2,1,4,214,"Lost Customers",2,1,3,213,"Lost Customers"
"13451",12,3,42.72,5,4,3,543,"Loyal Customers",5,5,4,554,"Champions"
"13453",51,1,19.9,4,1,3,413,"Potential Customers",4,1,3,413,"Potential Customers"
"13458",21,4,55.74,5,5,1,551,"Loyal Customers",5,5,4,554,"Champions"
"13461",49,1,59.5,4,1,5,415,"Potential Customers",4,1,4,414,"Potential Customers"
"13468",87,5,140.8,3,5,5,355,"Loyal Customers",3,5,5,355,"Loyal Customers"
"13474",122,1,5.55,2,1,1,211,"Lost Customers",2,1,1,211,"Lost Customers"
"13475",103,2,22.7,2,5,2,252,"Potential Customers",2,4,3,243,"Potential Customers"
"13476",64,1,15,3,1,2,312,"Potential Customers",3,1,2,312,"Potential Customers"
"13477",178,1,13.92,1,1,2,112,"Lost Customers",1,1,2,112,"Lost Customers"
"13481",142,1,10.2,2,1,1,211,"Lost Customers",2,1,2,212,"Lost Customers"
"13484",127,1,15.9,2,1,3,213,"Lost Customers",2,1,2,212,"Lost Customers"
"13488",30,6,113.05,4,5,4,454,"Champions",4,5,5,455,"Champions"
"13492",47,1,19.8,4,1,3,413,"Potential Customers",4,1,3,413,"Potential Customers"
"13505",52,3,110.4,4,4,5,445,"Champions",4,5,5,455,"Champions"
"13507",31,1,33.45,4,1,4,414,"Potential Customers",4,1,4,414,"Potential Customers"
"13508",129,1,23.34,2,1,4,214,"Lost Customers",2,1,3,213,"Lost Customers"
"13515",34,1,6.96,4,1,2,412,"Potential Customers",4,1,1,411,"Potential Customers"
"13517",65,1,15,3,1,2,312,"Potential Customers",3,1,2,312,"Potential Customers"
"13520",70,2,49.7,3,4,4,344,"Loyal Customers",3,4,4,344,"Loyal Customers"
"13527",3,1,36.45,5,1,4,514,"Potential Customers",5,1,4,514,"Potential Customers"
"13533",68,2,5.95,3,4,1,341,"Loyal Customers",3,4,1,341,"Loyal Customers"
"13534",72,1,11.5,3,1,2,312,"Potential Customers",3,1,2,312,"Potential Customers"
"13544",126,1,4.65,2,1,1,211,"Lost Customers",2,1,1,211,"Lost Customers"
"13546",86,1,6.25,3,1,1,311,"Potential Customers",3,1,1,311,"Potential Customers"
"13548",129,1,2.5,2,1,1,211,"Lost Customers",2,1,1,211,"Lost Customers"
"13555",87,2,54,3,4,4,344,"Loyal Customers",3,4,4,344,"Loyal Customers"
"13562",27,1,15.9,4,1,3,413,"Potential Customers",4,1,2,412,"Potential Customers"
"13568",59,1,3.3,3,1,1,311,"Potential Customers",3,1,1,311,"Potential Customers"
"13570",129,1,10.2,2,1,1,211,"Lost Customers",2,1,2,212,"Lost Customers"
"13571",28,4,28.59,4,5,1,451,"Loyal Customers",4,5,3,453,"Loyal Customers"
"13577",34,2,36.4,4,3,3,433,"Loyal Customers",4,4,4,444,"Champions"
"13581",196,1,7.5,1,1,1,111,"Lost Customers",1,1,1,111,"Lost Customers"
"13584",193,1,1.95,1,2,1,121,"Lost Customers",1,1,1,111,"Lost Customers"
"13588",6,3,41,5,4,3,543,"Loyal Customers",5,5,4,554,"Champions"
"13590",190,1,19.5,1,2,3,123,"Lost Customers",1,1,3,113,"Lost Customers"
"13591",90,1,31.98,3,1,4,314,"Potential Customers",3,1,4,314,"Potential Customers"
"13599",42,1,28.08,4,1,4,414,"Potential Customers",4,1,3,413,"Potential Customers"
"13601",97,1,8.36,2,1,1,211,"Lost Customers",2,1,1,211,"Lost Customers"
"13606",129,1,14.95,2,1,2,212,"Lost Customers",2,1,2,212,"Lost Customers"
"13610",129,2,7.05,2,5,1,251,"Potential Customers",2,4,1,241,"Potential Customers"
"13611",56,1,27.04,4,1,4,414,"Potential Customers",4,1,3,413,"Potential Customers"
"13614",50,1,10,4,1,2,412,"Potential Customers",4,1,1,411,"Potential Customers"
"13615",205,1,19.5,1,2,4,124,"Lost Customers",1,1,3,113,"Lost Customers"
"13627",62,2,26.52,3,4,2,342,"Loyal Customers",3,4,3,343,"Loyal Customers"
"13630",70,2,33,3,4,3,343,"Loyal Customers",3,4,4,344,"Loyal Customers"
"13632",59,3,57.35,3,5,3,353,"Loyal Customers",3,5,4,354,"Loyal Customers"
"13634",214,1,20.25,1,2,4,124,"Lost Customers",1,1,3,113,"Lost Customers"
"13637",73,2,8.05,3,4,1,341,"Loyal Customers",3,4,1,341,"Loyal Customers"
"13642",101,1,11.23,2,1,2,212,"Lost Customers",2,1,2,212,"Lost Customers"
"13650",93,1,15.3,3,1,2,312,"Potential Customers",3,1,2,312,"Potential Customers"
"13654",31,1,8.5,4,1,2,412,"Potential Customers",4,1,1,411,"Potential Customers"
"13657",87,1,12.6,3,1,2,312,"Potential Customers",3,1,2,312,"Potential Customers"
"13658",90,1,53.3,3,1,4,314,"Potential Customers",3,1,4,314,"Potential Customers"
"13659",207,1,35.4,1,2,5,125,"Lost Customers",1,1,4,114,"Lost Customers"
"13663",65,1,13.28,3,1,2,312,"Potential Customers",3,1,2,312,"Potential Customers"
"13666",174,1,20.4,1,2,4,124,"Lost Customers",1,1,3,113,"Lost Customers"
"13667",35,1,7.5,4,1,2,412,"Potential Customers",4,1,1,411,"Potential Customers"
"13668",22,3,52.15,5,4,3,543,"Loyal Customers",5,5,4,554,"Champions"
"13675",37,1,25.2,4,1,4,414,"Potential Customers",4,1,3,413,"Potential Customers"
"13678",37,1,4.8,4,1,1,411,"Potential Customers",4,1,1,411,"Potential Customers"
"13681",41,1,8.4,4,1,2,412,"Potential Customers",4,1,1,411,"Potential Customers"
"13692",122,1,20.16,2,1,4,214,"Lost Customers",2,1,3,213,"Lost Customers"
"13694",106,4,768.4,2,5,5,255,"Potential Customers",2,5,5,255,"Potential Customers"
"13695",75,2,52.24,3,4,4,344,"Loyal Customers",3,4,4,344,"Loyal Customers"
"13700",127,1,10.5,2,1,2,212,"Lost Customers",2,1,2,212,"Lost Customers"
"13708",157,1,6.6,1,2,2,122,"Lost Customers",1,1,1,111,"Lost Customers"
"13709",13,3,62.36,5,4,4,544,"Champions",5,5,5,555,"Champions"
"13715",167,1,16.5,1,2,3,123,"Lost Customers",1,1,2,112,"Lost Customers"
"13717",58,2,19.46,4,3,2,432,"Loyal Customers",4,4,3,443,"Loyal Customers"
"13719",120,1,15,2,1,2,212,"Lost Customers",2,1,2,212,"Lost Customers"
"13720",2,2,30,5,3,2,532,"Loyal Customers",5,4,3,543,"Loyal Customers"
"13722",168,1,21,1,2,4,124,"Lost Customers",1,1,3,113,"Lost Customers"
"13725",111,3,45.9,2,5,3,253,"Potential Customers",2,5,4,254,"Potential Customers"
"13728",20,2,31.8,5,3,2,532,"Loyal Customers",5,4,3,543,"Loyal Customers"
"13735",61,2,57.26,3,4,4,344,"Loyal Customers",3,4,4,344,"Loyal Customers"
"13736",146,1,8.7,1,2,2,122,"Lost Customers",1,1,1,111,"Lost Customers"
"13742",48,5,93.45,4,5,4,454,"Champions",4,5,5,455,"Champions"
"13743",145,1,23.4,2,1,4,214,"Lost Customers",2,1,3,213,"Lost Customers"
"13752",94,1,9.96,3,1,1,311,"Potential Customers",3,1,1,311,"Potential Customers"
"13753",174,1,23.4,1,2,4,124,"Lost Customers",1,1,3,113,"Lost Customers"
"13758",87,1,20.16,3,1,3,313,"Potential Customers",3,1,3,313,"Potential Customers"
"13760",142,1,4.6,2,1,1,211,"Lost Customers",2,1,1,211,"Lost Customers"
"13764",30,1,3.06,4,1,1,411,"Potential Customers",4,1,1,411,"Potential Customers"
"13767",52,3,190.5,4,4,5,445,"Champions",4,5,5,455,"Champions"
"13769",8,3,66.3,5,4,4,544,"Champions",5,5,5,555,"Champions"
"13772",125,1,3.75,2,2,1,221,"Lost Customers",2,1,1,211,"Lost Customers"
"13777",35,4,219.96,4,5,5,455,"Champions",4,5,5,455,"Champions"
"13781",136,1,4.16,2,2,1,221,"Lost Customers",2,1,1,211,"Lost Customers"
"13782",214,1,2.5,1,2,1,121,"Lost Customers",1,1,1,111,"Lost Customers"
"13798",121,2,189.15,2,5,5,255,"Potential Customers",2,4,5,245,"Potential Customers"
"13802",140,1,157.6,2,2,5,225,"Lost Customers",2,1,5,215,"Lost Customers"
"13803",141,1,17.7,2,2,3,223,"Lost Customers",2,1,3,213,"Lost Customers"
"13804",176,1,28.8,1,2,5,125,"Lost Customers",1,1,3,113,"Lost Customers"
"13809",192,1,38.25,1,2,5,125,"Lost Customers",1,1,4,114,"Lost Customers"
"13811",69,1,82.5,3,1,5,315,"Potential Customers",3,1,5,315,"Potential Customers"
"13813",20,1,47.85,5,1,5,515,"Potential Customers",5,1,4,514,"Potential Customers"
"13814",23,1,17.7,5,1,3,513,"Potential Customers",5,1,3,513,"Potential Customers"
"13815",58,1,5.04,4,1,1,411,"Potential Customers",4,1,1,411,"Potential Customers"
"13821",147,1,3.75,1,2,1,121,"Lost Customers",1,1,1,111,"Lost Customers"
"13827",19,2,4.2,5,3,1,531,"Loyal Customers",5,4,1,541,"Loyal Customers"
"13831",86,1,2.1,3,1,1,311,"Potential Customers",3,1,1,311,"Potential Customers"
"13833",45,1,0.95,4,1,1,411,"Potential Customers",4,1,1,411,"Potential Customers"
"13837",97,1,20.4,2,2,4,224,"Lost Customers",2,1,3,213,"Lost Customers"
"13838",3,1,7.2,5,1,2,512,"Potential Customers",5,1,1,511,"Potential Customers"
"13842",85,2,28.37,3,4,2,342,"Loyal Customers",3,4,3,343,"Loyal Customers"
"13846",128,1,10.2,2,2,2,222,"Lost Customers",2,1,2,212,"Lost Customers"
"13850",15,1,42.3,5,1,4,514,"Potential Customers",5,1,4,514,"Potential Customers"
"13859",213,1,14.75,1,2,3,123,"Lost Customers",1,1,2,112,"Lost Customers"
"13862",73,1,12.6,3,1,2,312,"Potential Customers",3,1,2,312,"Potential Customers"
"13869",9,2,94.13,5,3,4,534,"Loyal Customers",5,4,5,545,"Champions"
"13870",54,1,17.4,4,1,3,413,"Potential Customers",4,1,2,412,"Potential Customers"
"13871",20,4,95.95,5,5,3,553,"Loyal Customers",5,5,5,555,"Champions"
"13875",70,2,30.9,3,4,2,342,"Loyal Customers",3,4,3,343,"Loyal Customers"
"13881",55,1,67.5,4,1,5,415,"Potential Customers",4,1,5,415,"Potential Customers"
"13883",104,2,59.57,2,5,3,253,"Potential Customers",2,4,4,244,"Potential Customers"
"13885",86,1,16.6,3,1,3,313,"Potential Customers",3,1,2,312,"Potential Customers"
"13892",132,1,14.04,2,2,3,223,"Lost Customers",2,1,2,212,"Lost Customers"
"13893",184,1,56.7,1,2,5,125,"Lost Customers",1,1,4,114,"Lost Customers"
"13898",212,1,17.4,1,2,3,123,"Lost Customers",1,1,2,112,"Lost Customers"
"13900",78,2,29.25,3,4,2,342,"Loyal Customers",3,4,3,343,"Loyal Customers"
"13901",44,2,50.4,4,3,4,434,"Loyal Customers",4,4,4,444,"Champions"
"13908",12,2,32.82,5,3,2,532,"Loyal Customers",5,4,4,544,"Champions"
"13911",30,4,52.9,4,5,3,453,"Loyal Customers",4,5,4,454,"Champions"
"13930",22,1,13.2,5,1,2,512,"Potential Customers",5,1,2,512,"Potential Customers"
"13931",166,1,8.5,1,2,2,122,"Lost Customers",1,1,1,111,"Lost Customers"
"13933",34,1,14.85,4,1,2,412,"Potential Customers",4,1,2,412,"Potential Customers"
"13940",30,1,17.7,4,1,3,413,"Potential Customers",4,1,3,413,"Potential Customers"
"13950",132,1,17.85,2,2,4,224,"Lost Customers",2,1,3,213,"Lost Customers"
"13952",124,1,15,2,2,3,223,"Lost Customers",2,1,2,212,"Lost Customers"
"13956",24,3,50.95,5,4,3,543,"Loyal Customers",5,5,4,554,"Champions"
"13962",131,1,15.3,2,2,3,223,"Lost Customers",2,1,2,212,"Lost Customers"
"13969",69,3,38.38,3,5,2,352,"Loyal Customers",3,5,4,354,"Loyal Customers"
"13971",155,1,30,1,2,5,125,"Lost Customers",1,1,3,113,"Lost Customers"
"13975",14,2,16.45,5,3,1,531,"Loyal Customers",5,4,2,542,"Loyal Customers"
"13985",6,2,44.4,5,3,3,533,"Loyal Customers",5,4,4,544,"Champions"
"13988",48,2,56.76,4,3,4,434,"Loyal Customers",4,4,4,444,"Champions"
"13990",99,1,16.6,2,2,3,223,"Lost Customers",2,1,2,212,"Lost Customers"
"13993",31,3,50.7,4,4,3,443,"Loyal Customers",4,5,4,454,"Champions"
"13994",34,1,15,4,1,3,413,"Potential Customers",4,1,2,412,"Potential Customers"
"13995",131,1,16.5,2,2,3,223,"Lost Customers",2,1,2,212,"Lost Customers"
"13999",65,1,33.4,3,1,4,314,"Potential Customers",3,1,4,314,"Potential Customers"
"14000",97,1,53.1,2,2,5,225,"Lost Customers",2,1,4,214,"Lost Customers"
"14004",13,2,113.6,5,3,5,535,"Loyal Customers",5,4,5,545,"Champions"
"14005",19,1,26.4,5,1,4,514,"Potential Customers",5,1,3,513,"Potential Customers"
"14006",1,1,16.5,5,1,2,512,"Potential Customers",5,1,2,512,"Potential Customers"
"14022",111,1,25.8,2,2,4,224,"Lost Customers",2,1,3,213,"Lost Customers"
"14029",30,1,51,4,1,5,415,"Potential Customers",4,1,4,414,"Potential Customers"
"14030",7,3,16.46,5,4,1,541,"Loyal Customers",5,5,2,552,"Loyal Customers"
"14031",118,2,232.31,2,5,5,255,"Potential Customers",2,4,5,245,"Potential Customers"
"14032",92,1,5.04,3,1,1,311,"Potential Customers",3,1,1,311,"Potential Customers"
"14038",93,1,32.1,3,1,4,314,"Potential Customers",3,1,4,314,"Potential Customers"
"14040",3,3,50.8,5,4,3,543,"Loyal Customers",5,5,4,554,"Champions"
"14044",196,1,9.75,1,2,2,122,"Lost Customers",1,1,1,111,"Lost Customers"
"14048",192,1,3.4,1,2,1,121,"Lost Customers",1,1,1,111,"Lost Customers"
"14049",86,2,48.79,3,4,3,343,"Loyal Customers",3,4,4,344,"Loyal Customers"
"14051",27,3,507.3,4,4,5,445,"Champions",4,5,5,455,"Champions"
"14056",8,7,45.06,5,5,1,551,"Loyal Customers",5,5,4,554,"Champions"
"14057",24,5,67.33,5,5,2,552,"Loyal Customers",5,5,5,555,"Champions"
"14059",152,1,51,1,2,5,125,"Lost Customers",1,1,4,114,"Lost Customers"
"14060",91,3,36.62,3,5,2,352,"Loyal Customers",3,5,4,354,"Loyal Customers"
"14062",30,2,172.5,4,3,5,435,"Loyal Customers",4,4,5,445,"Champions"
"14064",97,2,103.49,2,5,4,254,"Potential Customers",2,4,5,245,"Potential Customers"
"14068",207,1,7.5,1,2,2,122,"Lost Customers",1,1,1,111,"Lost Customers"
"14071",146,1,9.9,1,2,2,122,"Lost Customers",1,1,1,111,"Lost Customers"
"14076",15,1,0.86,5,1,1,511,"Potential Customers",5,2,1,521,"Potential Customers"
"14077",160,1,5.1,1,2,1,121,"Lost Customers",1,2,1,121,"Lost Customers"
"14081",189,1,20.05,1,2,4,124,"Lost Customers",1,2,3,123,"Lost Customers"
"14085",145,2,44.3,2,5,3,253,"Potential Customers",2,4,4,244,"Potential Customers"
"14088",14,5,463.5,5,5,5,555,"Champions",5,5,5,555,"Champions"
"14092",17,2,92.9,5,3,4,534,"Loyal Customers",5,4,5,545,"Champions"
"14099",56,2,16.09,4,3,2,432,"Loyal Customers",4,4,2,442,"Loyal Customers"
"14100",23,1,2.5,5,1,1,511,"Potential Customers",5,2,1,521,"Potential Customers"
"14104",51,1,4.25,4,1,1,411,"Potential Customers",4,2,1,421,"Potential Customers"
"14105",125,1,25.5,2,2,4,224,"Lost Customers",2,2,3,223,"Lost Customers"
"14107",145,2,31.62,2,5,2,252,"Potential Customers",2,4,3,243,"Potential Customers"
"14112",16,1,29.3,5,1,4,514,"Potential Customers",5,2,3,523,"Potential Customers"
"14114",159,2,75,1,5,5,155,"Potential Customers",1,4,5,145,"Potential Customers"
"14127",8,1,5.04,5,1,1,511,"Potential Customers",5,2,1,521,"Potential Customers"
"14132",48,2,15.24,4,3,2,432,"Loyal Customers",4,4,2,442,"Loyal Customers"
"14135",219,1,10.5,1,2,2,122,"Lost Customers",1,2,2,122,"Lost Customers"
"14152",120,1,8.5,2,2,2,222,"Lost Customers",2,2,1,221,"Lost Customers"
"14156",7,11,2137.87,5,5,5,555,"Champions",5,5,5,555,"Champions"
"14159",30,5,55.38,4,5,3,453,"Loyal Customers",4,5,4,454,"Champions"
"14161",101,2,64.75,2,5,4,254,"Potential Customers",2,4,5,245,"Potential Customers"
"14162",179,1,2.55,1,2,1,121,"Lost Customers",1,2,1,121,"Lost Customers"
"14163",125,1,4.2,2,2,1,221,"Lost Customers",2,2,1,221,"Lost Customers"
"14178",29,1,4.95,4,1,1,411,"Potential Customers",4,2,1,421,"Potential Customers"
"14180",91,3,51.7,3,5,3,353,"Loyal Customers",3,5,4,354,"Loyal Customers"
"14194",23,6,152.13,5,5,3,553,"Loyal Customers",5,5,5,555,"Champions"
"14201",101,1,54.08,2,2,5,225,"Lost Customers",2,2,4,224,"Lost Customers"
"14206",125,1,30.48,2,2,5,225,"Lost Customers",2,2,3,223,"Lost Customers"
"14209",26,1,35.4,5,1,4,514,"Potential Customers",5,2,4,524,"Potential Customers"
"14211",93,1,33.2,3,1,4,314,"Potential Customers",3,2,4,324,"Potential Customers"
"14214",42,2,71.1,4,3,5,435,"Loyal Customers",4,4,5,445,"Champions"
"14221",92,1,25.5,3,1,3,313,"Potential Customers",3,2,3,323,"Potential Customers"
"14222",63,1,10.5,3,1,1,311,"Potential Customers",3,2,2,322,"Potential Customers"
"14224",101,2,27.7,2,5,2,252,"Potential Customers",2,4,3,243,"Potential Customers"
"14227",82,3,81.1,3,5,4,354,"Loyal Customers",3,5,5,355,"Loyal Customers"
"14231",69,1,15,3,1,2,312,"Potential Customers",3,2,2,322,"Potential Customers"
"14232",23,2,90.21,5,3,4,534,"Loyal Customers",5,4,5,545,"Champions"
"14239",132,3,43.7,2,5,3,253,"Potential Customers",2,5,4,254,"Potential Customers"
"14243",131,2,37.1,2,5,3,253,"Potential Customers",2,4,4,244,"Potential Customers"
"14245",149,1,19.8,1,2,4,124,"Lost Customers",1,2,3,123,"Lost Customers"
"14248",205,1,204,1,2,5,125,"Lost Customers",1,2,5,125,"Lost Customers"
"14256",146,1,15.9,1,2,3,123,"Lost Customers",1,2,2,122,"Lost Customers"
"14258",85,2,237,3,4,5,345,"Loyal Customers",3,4,5,345,"Loyal Customers"
"14262",43,1,20.4,4,1,4,414,"Potential Customers",4,2,3,423,"Potential Customers"
"14267",146,2,60,2,5,4,254,"Potential Customers",2,4,5,245,"Potential Customers"
"14270",218,1,17.7,1,2,3,123,"Lost Customers",1,2,3,123,"Lost Customers"
"14276",176,1,26.4,1,2,4,124,"Lost Customers",1,2,3,123,"Lost Customers"
"14277",98,1,30.6,2,2,5,225,"Lost Customers",2,2,3,223,"Lost Customers"
"14286",128,1,19.8,2,2,4,224,"Lost Customers",2,2,3,223,"Lost Customers"
"14289",176,1,31.8,1,2,5,125,"Lost Customers",1,2,3,123,"Lost Customers"
"14291",161,1,43.2,1,2,5,125,"Lost Customers",1,2,4,124,"Lost Customers"
"14292",90,1,17.7,3,1,3,313,"Potential Customers",3,2,3,323,"Potential Customers"
"14298",9,12,979.4,5,5,5,555,"Champions",5,5,5,555,"Champions"
"14305",21,1,75.18,5,1,5,515,"Potential Customers",5,2,5,525,"Potential Customers"
"14307",20,1,18.56,5,1,3,513,"Potential Customers",5,2,3,523,"Potential Customers"
"14315",40,2,69.4,4,3,4,434,"Loyal Customers",4,4,5,445,"Champions"
"14321",2,1,8.4,5,1,2,512,"Potential Customers",5,2,1,521,"Potential Customers"
"14329",216,1,15,1,2,3,123,"Lost Customers",1,2,2,122,"Lost Customers"
"14331",21,1,16.5,5,1,3,513,"Potential Customers",5,2,2,522,"Potential Customers"
"14334",89,2,22.86,3,4,1,341,"Loyal Customers",3,4,3,343,"Loyal Customers"
"14336",162,1,24.96,1,2,4,124,"Lost Customers",1,2,3,123,"Lost Customers"
"14339",128,1,71.16,2,2,5,225,"Lost Customers",2,2,5,225,"Lost Customers"
"14341",205,1,19.5,1,2,4,124,"Lost Customers",1,2,3,123,"Lost Customers"
"14344",13,2,23.25,5,3,1,531,"Loyal Customers",5,4,3,543,"Loyal Customers"
"14346",6,1,43.13,5,1,5,515,"Potential Customers",5,2,4,524,"Potential Customers"
"14351",50,1,51,4,1,5,415,"Potential Customers",4,2,4,424,"Potential Customers"
"14364",50,3,68.25,4,4,4,444,"Champions",4,5,5,455,"Champions"
"14367",23,5,72.74,5,5,2,552,"Loyal Customers",5,5,5,555,"Champions"
"14375",71,1,9.45,3,1,1,311,"Potential Customers",3,2,1,321,"Potential Customers"
"14388",7,2,32.18,5,3,2,532,"Loyal Customers",5,4,4,544,"Champions"
"14390",125,1,0.85,2,2,1,221,"Lost Customers",2,2,1,221,"Lost Customers"
"14395",63,1,2.55,3,1,1,311,"Potential Customers",3,2,1,321,"Potential Customers"
"14401",28,2,46.56,4,3,3,433,"Loyal Customers",4,4,4,444,"Champions"
"14404",145,2,150.35,2,5,5,255,"Potential Customers",2,4,5,245,"Potential Customers"
"14407",19,1,10.08,5,1,2,512,"Potential Customers",5,2,1,521,"Potential Customers"
"14408",16,1,91.99,5,1,5,515,"Potential Customers",5,2,5,525,"Potential Customers"
"14409",8,1,41.6,5,1,4,514,"Potential Customers",5,2,4,524,"Potential Customers"
"14410",27,2,2.1,4,3,1,431,"Loyal Customers",4,4,1,441,"Loyal Customers"
"14414",17,1,6.72,5,1,1,511,"Potential Customers",5,2,1,521,"Potential Customers"
"14415",84,4,40.9,3,5,2,352,"Loyal Customers",3,5,4,354,"Loyal Customers"
"14419",138,1,12.5,2,2,2,222,"Lost Customers",2,2,2,222,"Lost Customers"
"14422",56,2,40.2,4,3,3,433,"Loyal Customers",4,4,4,444,"Champions"
"14426",26,4,79.8,5,5,2,552,"Loyal Customers",5,5,5,555,"Champions"
"14431",189,1,17.7,1,2,3,123,"Lost Customers",1,2,3,123,"Lost Customers"
"14440",203,1,10.2,1,2,2,122,"Lost Customers",1,2,2,122,"Lost Customers"
"14442",90,1,13,3,2,2,322,"Potential Customers",3,2,2,322,"Potential Customers"
"14443",197,1,35.4,1,2,5,125,"Lost Customers",1,2,4,124,"Lost Customers"
"14446",132,1,10.8,2,2,2,222,"Lost Customers",2,2,2,222,"Lost Customers"
"14447",82,2,32.4,3,4,2,342,"Loyal Customers",3,4,4,344,"Loyal Customers"
"14449",132,1,2.37,2,2,1,221,"Lost Customers",2,2,1,221,"Lost Customers"
"14450",66,1,23,3,2,4,324,"Potential Customers",3,2,3,323,"Potential Customers"
"14451",80,1,4.2,3,2,1,321,"Potential Customers",3,2,1,321,"Potential Customers"
"14453",76,1,5.75,3,2,1,321,"Potential Customers",3,2,1,321,"Potential Customers"
"14456",17,2,27.95,5,3,1,531,"Loyal Customers",5,4,3,543,"Loyal Customers"
"14459",41,1,158.7,4,1,5,415,"Potential Customers",4,2,5,425,"Potential Customers"
"14460",57,1,34.56,4,1,4,414,"Potential Customers",4,2,4,424,"Potential Customers"
"14461",64,2,32.7,3,4,3,343,"Loyal Customers",3,4,4,344,"Loyal Customers"
"14462",99,3,18.21,2,5,1,251,"Potential Customers",2,5,3,253,"Potential Customers"
"14465",132,2,15.39,2,5,1,251,"Potential Customers",2,4,2,242,"Potential Customers"
"14470",174,1,2.85,1,2,1,121,"Lost Customers",1,2,1,121,"Lost Customers"
"14472",38,3,47.25,4,4,3,443,"Loyal Customers",4,5,4,454,"Champions"
"14477",70,1,179,3,2,5,325,"Potential Customers",3,2,5,325,"Potential Customers"
"14483",167,1,23.4,1,2,4,124,"Lost Customers",1,2,3,123,"Lost Customers"
"14498",2,2,27.44,5,3,1,531,"Loyal Customers",5,4,3,543,"Loyal Customers"
"14499",164,1,10.05,1,2,2,122,"Lost Customers",1,2,1,121,"Lost Customers"
"14502",35,3,5.84,4,4,1,441,"Loyal Customers",4,5,1,451,"Loyal Customers"
"14504",164,1,2.1,1,2,1,121,"Lost Customers",1,2,1,121,"Lost Customers"
"14505",90,3,70.65,3,5,4,354,"Loyal Customers",3,5,5,355,"Loyal Customers"
"14506",48,2,19.65,4,3,2,432,"Loyal Customers",4,4,3,443,"Loyal Customers"
"14514",87,1,8.4,3,2,2,322,"Potential Customers",3,2,1,321,"Potential Customers"
"14515",77,1,33.28,3,2,4,324,"Potential Customers",3,2,4,324,"Potential Customers"
"14524",64,2,13.7,3,4,1,341,"Loyal Customers",3,4,2,342,"Loyal Customers"
"14525",6,2,36.75,5,3,2,532,"Loyal Customers",5,4,4,544,"Champions"
"14527",8,6,67.75,5,5,2,552,"Loyal Customers",5,5,5,555,"Champions"
"14530",14,3,34,5,4,2,542,"Loyal Customers",5,5,4,554,"Champions"
"14532",172,1,37.7,1,2,5,125,"Lost Customers",1,2,4,124,"Lost Customers"
"14534",55,3,8.54,4,4,1,441,"Loyal Customers",4,5,1,451,"Loyal Customers"
"14535",13,2,62.3,5,3,3,533,"Loyal Customers",5,4,5,545,"Champions"
"14536",145,1,10,2,2,2,222,"Lost Customers",2,2,1,221,"Lost Customers"
"14541",54,4,65.15,4,5,3,453,"Loyal Customers",4,5,5,455,"Champions"
"14546",134,1,4.95,2,2,1,221,"Lost Customers",2,2,1,221,"Lost Customers"
"14548",204,1,81.6,1,2,5,125,"Lost Customers",1,2,5,125,"Lost Customers"
"14552",37,1,3.9,4,1,1,411,"Potential Customers",4,2,1,421,"Potential Customers"
"14560",20,1,34,5,1,4,514,"Potential Customers",5,2,4,524,"Potential Customers"
"14562",34,3,13.2,4,4,1,441,"Loyal Customers",4,5,2,452,"Loyal Customers"
"14565",91,1,25.2,3,2,4,324,"Potential Customers",3,2,3,323,"Potential Customers"
"14572",154,1,3.75,1,2,1,121,"Lost Customers",1,2,1,121,"Lost Customers"
"14573",68,1,5.1,3,2,1,321,"Potential Customers",3,2,1,321,"Potential Customers"
"14577",49,2,20.15,4,3,3,433,"Loyal Customers",4,4,3,443,"Loyal Customers"
"14583",91,1,2.9,3,2,1,321,"Potential Customers",3,2,1,321,"Potential Customers"
"14586",162,1,20.4,1,2,4,124,"Lost Customers",1,2,3,123,"Lost Customers"
"14587",70,4,23.95,3,5,1,351,"Loyal Customers",3,5,3,353,"Loyal Customers"
"14591",99,1,9.65,2,2,2,222,"Lost Customers",2,2,1,221,"Lost Customers"
"14593",84,2,11.66,3,4,1,341,"Loyal Customers",3,4,2,342,"Loyal Customers"
"14606",15,25,242.33,5,5,4,554,"Champions",5,5,5,555,"Champions"
"14619",131,1,25.5,2,2,4,224,"Lost Customers",2,2,3,223,"Lost Customers"
"14626",8,1,12.5,5,1,2,512,"Potential Customers",5,2,2,522,"Potential Customers"
"14628",128,1,15,2,2,3,223,"Lost Customers",2,2,2,222,"Lost Customers"
"14633",152,1,15,1,2,3,123,"Lost Customers",1,2,2,122,"Lost Customers"
"14636",154,1,13.52,1,2,2,122,"Lost Customers",1,2,2,122,"Lost Customers"
"14639",6,1,14.85,5,1,2,512,"Potential Customers",5,2,2,522,"Potential Customers"
"14640",113,1,27.65,2,2,4,224,"Lost Customers",2,2,3,223,"Lost Customers"
"14644",185,1,15.3,1,2,3,123,"Lost Customers",1,2,2,122,"Lost Customers"
"14645",42,1,17,4,1,3,413,"Potential Customers",4,2,2,422,"Potential Customers"
"14646",5,14,3164.35,5,5,5,555,"Champions",5,5,5,555,"Champions"
"14656",55,2,29.95,4,3,3,433,"Loyal Customers",4,4,3,443,"Loyal Customers"
"14657",168,2,12.12,1,5,2,152,"Potential Customers",1,4,2,142,"Potential Customers"
"14658",3,1,2.95,5,1,1,511,"Potential Customers",5,2,1,521,"Potential Customers"
"14659",149,2,49.6,1,5,5,155,"Potential Customers",1,4,4,144,"Potential Customers"
"14662",161,1,5.9,1,2,2,122,"Lost Customers",1,2,1,121,"Lost Customers"
"14667",65,3,34.35,3,5,2,352,"Loyal Customers",3,5,4,354,"Loyal Customers"
"14669",127,2,21.68,2,5,1,251,"Potential Customers",2,4,3,243,"Potential Customers"
"14670",166,1,1.7,1,2,1,121,"Lost Customers",1,2,1,121,"Lost Customers"
"14680",7,4,499.41,5,5,5,555,"Champions",5,5,5,555,"Champions"
"14684",101,1,0.85,2,2,1,221,"Lost Customers",2,2,1,221,"Lost Customers"
"14688",15,3,50,5,4,3,543,"Loyal Customers",5,5,4,554,"Champions"
"14689",94,1,7.95,3,2,2,322,"Potential Customers",3,2,1,321,"Potential Customers"
"14691",98,1,19.5,2,2,4,224,"Lost Customers",2,2,3,223,"Lost Customers"
"14692",23,1,10.2,5,1,2,512,"Potential Customers",5,2,2,522,"Potential Customers"
"14697",104,1,7.8,2,2,2,222,"Lost Customers",2,2,1,221,"Lost Customers"
"14700",75,1,45,3,2,5,325,"Potential Customers",3,2,4,324,"Potential Customers"
"14701",58,4,35.3,4,5,1,451,"Loyal Customers",4,5,4,454,"Champions"
"14702",41,2,5.1,4,3,1,431,"Loyal Customers",4,4,1,441,"Loyal Customers"
"14709",73,2,36.7,3,4,3,343,"Loyal Customers",3,4,4,344,"Loyal Customers"
"14711",71,3,8.71,3,5,1,351,"Loyal Customers",3,5,1,351,"Loyal Customers"
"14713",13,3,33.7,5,4,2,542,"Loyal Customers",5,5,4,554,"Champions"
"14715",185,1,13.05,1,2,2,122,"Lost Customers",1,2,2,122,"Lost Customers"
"14716",34,1,6.84,4,1,1,411,"Potential Customers",4,2,1,421,"Potential Customers"
"14719",65,1,4.25,3,2,1,321,"Potential Customers",3,2,1,321,"Potential Customers"
"14730",118,2,6.37,2,5,1,251,"Potential Customers",2,4,1,241,"Potential Customers"
"14731",98,1,4.95,2,2,2,222,"Lost Customers",2,2,1,221,"Lost Customers"
"14732",106,2,36.9,2,5,2,252,"Potential Customers",2,4,4,244,"Potential Customers"
"14733",90,3,138.4,3,5,5,355,"Loyal Customers",3,5,5,355,"Loyal Customers"
"14735",82,4,151,3,5,5,355,"Loyal Customers",3,5,5,355,"Loyal Customers"
"14758",30,3,61.7,4,4,4,444,"Champions",4,5,5,455,"Champions"
"14762",149,1,5.04,1,2,1,121,"Lost Customers",1,2,1,121,"Lost Customers"
"14766",54,1,5.04,4,2,2,422,"Potential Customers",4,2,1,421,"Potential Customers"
"14769",27,3,71.45,4,4,4,444,"Champions",4,5,5,455,"Champions"
"14770",210,1,17.7,1,2,3,123,"Lost Customers",1,2,3,123,"Lost Customers"
"14775",23,1,6.96,5,1,1,511,"Potential Customers",5,2,1,521,"Potential Customers"
"14779",210,1,2.85,1,2,1,121,"Lost Customers",1,2,1,121,"Lost Customers"
"14794",147,1,17.7,1,2,3,123,"Lost Customers",1,2,3,123,"Lost Customers"
"14795",52,1,23.85,4,2,5,425,"Potential Customers",4,2,3,423,"Potential Customers"
"14796",23,9,88.92,5,5,2,552,"Loyal Customers",5,5,5,555,"Champions"
"14798",197,1,10.2,1,3,2,132,"Potential Customers",1,2,2,122,"Lost Customers"
"14800",77,2,21.95,3,4,1,341,"Loyal Customers",3,4,3,343,"Loyal Customers"
"14803",48,1,4.95,4,2,1,421,"Potential Customers",4,2,1,421,"Potential Customers"
"14808",38,3,62.16,4,4,4,444,"Champions",4,5,5,455,"Champions"
"14810",126,2,16.75,2,5,1,251,"Potential Customers",2,4,2,242,"Potential Customers"
"14817",163,1,25.3,1,3,4,134,"Potential Customers",1,2,3,123,"Lost Customers"
"14818",55,1,29.88,4,2,5,425,"Potential Customers",4,2,3,423,"Potential Customers"
"14823",66,2,12.35,3,4,1,341,"Loyal Customers",3,4,2,342,"Loyal Customers"
"14825",184,1,53.31,1,3,5,135,"Potential Customers",1,2,4,124,"Lost Customers"
"14834",126,1,17,2,2,3,223,"Lost Customers",2,2,2,222,"Lost Customers"
"14844",9,2,27.7,5,3,1,531,"Loyal Customers",5,4,3,543,"Loyal Customers"
"14849",5,4,119.2,5,5,3,553,"Loyal Customers",5,5,5,555,"Champions"
"14850",198,1,25.2,1,3,4,134,"Potential Customers",1,2,3,123,"Lost Customers"
"14851",142,1,10.08,2,2,2,222,"Lost Customers",2,2,2,222,"Lost Customers"
"14852",63,2,29.94,3,4,2,342,"Loyal Customers",3,4,3,343,"Loyal Customers"
"14854",55,2,98.76,4,3,5,435,"Loyal Customers",4,4,5,445,"Champions"
"14862",34,1,15,4,2,3,423,"Potential Customers",4,2,2,422,"Potential Customers"
"14868",47,1,15,4,2,3,423,"Potential Customers",4,2,2,422,"Potential Customers"
"14880",71,1,25.08,3,2,4,324,"Potential Customers",3,2,3,323,"Potential Customers"
"14883",49,1,8.5,4,2,2,422,"Potential Customers",4,2,1,421,"Potential Customers"
"14888",93,1,16.5,3,2,3,323,"Potential Customers",3,2,2,322,"Potential Customers"
"14890",139,1,19.8,2,2,4,224,"Lost Customers",2,2,3,223,"Lost Customers"
"14895",68,3,146.9,3,5,5,355,"Loyal Customers",3,5,5,355,"Loyal Customers"
"14901",8,1,12.48,5,1,2,512,"Potential Customers",5,2,2,522,"Potential Customers"
"14903",10,3,40.27,5,4,3,543,"Loyal Customers",5,5,4,554,"Champions"
"14911",5,40,1134.38,5,5,5,555,"Champions",5,5,5,555,"Champions"
"14912",132,1,86.16,2,2,5,225,"Lost Customers",2,2,5,225,"Lost Customers"
"14913",159,1,20.04,1,3,4,134,"Potential Customers",1,2,3,123,"Lost Customers"
"14916",35,2,41.94,4,3,3,433,"Loyal Customers",4,4,4,444,"Champions"
"14921",87,1,40.2,3,2,5,325,"Potential Customers",3,2,4,324,"Potential Customers"
"14930",160,1,79.44,1,3,5,135,"Potential Customers",1,2,5,125,"Lost Customers"
"14935",184,1,408,1,3,5,135,"Potential Customers",1,2,5,125,"Lost Customers"
"14936",61,2,80.1,3,4,5,345,"Loyal Customers",3,4,5,345,"Loyal Customers"
"14944",103,1,19.92,2,2,4,224,"Lost Customers",2,2,3,223,"Lost Customers"
"14948",105,1,17.7,2,2,3,223,"Lost Customers",2,2,3,223,"Lost Customers"
"14952",92,1,35.7,3,2,5,325,"Potential Customers",3,2,4,324,"Potential Customers"
"14958",33,2,116.4,4,3,5,435,"Loyal Customers",4,4,5,445,"Champions"
"14959",101,2,18.15,2,5,1,251,"Potential Customers",2,4,3,243,"Potential Customers"
"14961",40,2,21.7,4,3,3,433,"Loyal Customers",4,4,3,443,"Loyal Customers"
"14963",69,1,1.65,3,2,1,321,"Potential Customers",3,2,1,321,"Potential Customers"
"14964",133,1,2.55,2,2,1,221,"Lost Customers",2,2,1,221,"Lost Customers"
"14972",14,1,5.95,5,1,1,511,"Potential Customers",5,2,1,521,"Potential Customers"
"14976",160,1,1.95,1,3,1,131,"Potential Customers",1,2,1,121,"Lost Customers"
"14978",176,2,23.85,1,5,4,154,"Potential Customers",1,4,3,143,"Potential Customers"
"14988",97,1,1.25,2,2,1,221,"Lost Customers",2,2,1,221,"Lost Customers"
"14995",166,1,7.95,1,3,2,132,"Potential Customers",1,2,1,121,"Lost Customers"
"14997",64,1,6.84,3,2,2,322,"Potential Customers",3,2,1,321,"Potential Customers"
"15004",33,1,4.18,4,2,1,421,"Potential Customers",4,2,1,421,"Potential Customers"
"15005",34,10,59.82,4,5,3,453,"Loyal Customers",4,5,4,454,"Champions"
"15007",45,1,15,4,2,3,423,"Potential Customers",4,2,2,422,"Potential Customers"
"15019",152,1,5.15,1,3,1,131,"Potential Customers",1,2,1,121,"Lost Customers"
"15021",42,2,7.08,4,3,1,431,"Loyal Customers",4,4,1,441,"Loyal Customers"
"15023",20,3,30.48,5,4,2,542,"Loyal Customers",5,5,3,553,"Loyal Customers"
"15027",54,2,166.5,4,3,5,435,"Loyal Customers",4,4,5,445,"Champions"
"15033",45,3,51.35,4,4,3,443,"Loyal Customers",4,5,4,454,"Champions"
"15034",118,2,37.15,2,5,3,253,"Potential Customers",2,4,4,244,"Potential Customers"
"15036",63,1,1.65,3,2,1,321,"Potential Customers",3,2,1,321,"Potential Customers"
"15038",73,2,10.45,3,4,1,341,"Loyal Customers",3,4,2,342,"Loyal Customers"
"15039",35,14,594.69,4,5,5,455,"Champions",4,5,5,455,"Champions"
"15041",56,1,2.08,4,2,1,421,"Potential Customers",4,2,1,421,"Potential Customers"
"15044",22,4,59.7,5,5,2,552,"Loyal Customers",5,5,4,554,"Champions"
"15046",59,2,89.4,3,4,5,345,"Loyal Customers",3,4,5,345,"Loyal Customers"
"15048",106,1,3.05,2,2,1,221,"Lost Customers",2,2,1,221,"Lost Customers"
"15051",36,1,2.55,4,2,1,421,"Potential Customers",4,2,1,421,"Potential Customers"
"15053",42,1,0.65,4,2,1,421,"Potential Customers",4,2,1,421,"Potential Customers"
"15058",129,2,11.15,2,5,1,251,"Potential Customers",2,4,2,242,"Potential Customers"
"15059",56,2,11.76,4,3,2,432,"Loyal Customers",4,4,2,442,"Loyal Customers"
"15061",26,3,319.2,5,4,5,545,"Champions",5,5,5,555,"Champions"
"15065",50,2,105.45,4,3,5,435,"Loyal Customers",4,4,5,445,"Champions"
"15067",168,1,18,1,3,3,133,"Potential Customers",1,2,3,123,"Lost Customers"
"15069",65,1,25.5,3,2,4,324,"Potential Customers",3,2,3,323,"Potential Customers"
"15071",161,1,122.4,1,3,5,135,"Potential Customers",1,2,5,125,"Lost Customers"
"15073",72,1,62.3,3,2,5,325,"Potential Customers",3,2,5,325,"Potential Customers"
"15078",43,4,78.8,4,5,4,454,"Champions",4,5,5,455,"Champions"
"15081",94,1,15,3,2,3,323,"Potential Customers",3,2,2,322,"Potential Customers"
"15089",14,1,51.3,5,1,5,515,"Potential Customers",5,2,4,524,"Potential Customers"
"15090",195,1,15,1,3,3,133,"Potential Customers",1,2,2,122,"Lost Customers"
"15093",174,1,12.5,1,3,2,132,"Potential Customers",1,2,2,122,"Lost Customers"
"15106",27,1,14.85,4,2,3,423,"Potential Customers",4,2,2,422,"Potential Customers"
"15108",27,1,17.7,4,2,4,424,"Potential Customers",4,2,3,423,"Potential Customers"
"15114",131,1,11.9,2,2,2,222,"Lost Customers",2,2,2,222,"Lost Customers"
"15116",20,1,30,5,1,4,514,"Potential Customers",5,2,3,523,"Potential Customers"
"15120",19,1,19.9,5,1,3,513,"Potential Customers",5,2,3,523,"Potential Customers"
"15122",90,1,10.5,3,2,2,322,"Potential Customers",3,2,2,322,"Potential Customers"
"15124",77,1,7.8,3,2,2,322,"Potential Customers",3,2,1,321,"Potential Customers"
"15125",34,4,377.62,4,5,5,455,"Champions",4,5,5,455,"Champions"
"15128",54,1,15,4,2,4,424,"Potential Customers",4,2,2,422,"Potential Customers"
"15134",13,1,15,5,1,2,512,"Potential Customers",5,2,2,522,"Potential Customers"
"15140",1,2,148.56,5,3,5,535,"Loyal Customers",5,4,5,545,"Champions"
"15144",41,3,145.7,4,5,5,455,"Champions",4,5,5,455,"Champions"
"15146",50,2,32.46,4,3,3,433,"Loyal Customers",4,4,4,444,"Champions"
"15150",14,3,62.8,5,4,4,544,"Champions",5,5,5,555,"Champions"
"15152",9,3,61.2,5,4,4,544,"Champions",5,5,5,555,"Champions"
"15157",40,1,9.12,4,2,3,423,"Potential Customers",4,2,1,421,"Potential Customers"
"15159",22,3,143.94,5,4,5,545,"Champions",5,5,5,555,"Champions"
"15163",78,1,69.3,3,2,5,325,"Potential Customers",3,2,5,325,"Potential Customers"
"15167",207,1,6.9,1,3,1,131,"Potential Customers",1,2,1,121,"Lost Customers"
"15184",76,1,17,3,2,3,323,"Potential Customers",3,2,2,322,"Potential Customers"
"15187",98,1,39,2,2,5,225,"Lost Customers",2,2,4,224,"Lost Customers"
"15189",9,2,86.52,5,3,4,534,"Loyal Customers",5,4,5,545,"Champions"
"15192",5,2,87.7,5,3,4,534,"Loyal Customers",5,4,5,545,"Champions"
"15194",12,2,48.36,5,3,3,533,"Loyal Customers",5,4,4,544,"Champions"
"15197",138,1,15.3,2,2,3,223,"Lost Customers",2,2,2,222,"Lost Customers"
"15198",10,1,17.4,5,2,3,523,"Potential Customers",5,2,2,522,"Potential Customers"
"15201",133,1,25,2,2,4,224,"Lost Customers",2,2,3,223,"Lost Customers"
"15203",22,2,44.8,5,3,3,533,"Loyal Customers",5,4,4,544,"Champions"
"15205",13,1,6.96,5,2,1,521,"Potential Customers",5,2,1,521,"Potential Customers"
"15214",69,1,17.7,3,2,3,323,"Potential Customers",3,2,3,323,"Potential Customers"
"15218",205,1,25.2,1,3,4,134,"Potential Customers",1,2,3,123,"Lost Customers"
"15220",89,1,24.96,3,2,4,324,"Potential Customers",3,2,3,323,"Potential Customers"
"15228",181,1,50.4,1,3,5,135,"Potential Customers",1,2,4,124,"Lost Customers"
"15235",103,3,41.7,2,5,3,253,"Potential Customers",2,5,4,254,"Potential Customers"
"15240",127,2,50.4,2,5,3,253,"Potential Customers",2,4,4,244,"Potential Customers"
"15241",78,1,35.04,3,2,4,324,"Potential Customers",3,2,4,324,"Potential Customers"
"15245",20,3,97,5,4,5,545,"Champions",5,5,5,555,"Champions"
"15246",124,1,12.6,2,2,3,223,"Lost Customers",2,2,2,222,"Lost Customers"
"15249",13,4,80.7,5,5,2,552,"Loyal Customers",5,5,5,555,"Champions"
"15252",69,1,19.8,3,2,3,323,"Potential Customers",3,2,3,323,"Potential Customers"
"15253",55,1,14.85,4,2,3,423,"Potential Customers",4,2,2,422,"Potential Customers"
"15258",54,1,24.9,4,2,5,425,"Potential Customers",4,2,3,423,"Potential Customers"
"15260",72,2,51.9,3,4,4,344,"Loyal Customers",3,4,4,344,"Loyal Customers"
"15265",37,2,89.46,4,3,5,435,"Loyal Customers",4,4,5,445,"Champions"
"15288",150,1,7.8,1,3,1,131,"Potential Customers",1,2,1,121,"Lost Customers"
"15289",23,1,20.04,5,2,4,524,"Potential Customers",5,2,3,523,"Potential Customers"
"15290",44,1,17.7,4,2,4,424,"Potential Customers",4,2,3,423,"Potential Customers"
"15291",66,2,103.5,3,4,5,345,"Loyal Customers",3,4,5,345,"Loyal Customers"
"15296",98,1,50.5,2,2,5,225,"Lost Customers",2,2,4,224,"Lost Customers"
"15298",211,1,22.74,1,3,4,134,"Potential Customers",1,2,3,123,"Lost Customers"
"15301",33,2,81.4,4,3,5,435,"Loyal Customers",4,4,5,445,"Champions"
"15308",160,1,17.7,1,3,3,133,"Potential Customers",1,2,3,123,"Lost Customers"
"15311",2,19,789.45,5,5,5,555,"Champions",5,5,5,555,"Champions"
"15314",85,1,12.6,3,2,2,322,"Potential Customers",3,2,2,322,"Potential Customers"
"15321",178,1,63,1,3,5,135,"Potential Customers",1,2,5,125,"Lost Customers"
"15334",42,2,12.45,4,3,2,432,"Loyal Customers",4,4,2,442,"Loyal Customers"
"15346",219,1,10.2,1,3,2,132,"Potential Customers",1,2,2,122,"Lost Customers"
"15349",44,2,12.45,4,3,2,432,"Loyal Customers",4,4,2,442,"Loyal Customers"
"15353",140,1,2.9,2,2,1,221,"Lost Customers",2,2,1,221,"Lost Customers"
"15356",41,4,39.7,4,5,2,452,"Loyal Customers",4,5,4,454,"Champions"
"15358",6,6,166.9,5,5,4,554,"Champions",5,5,5,555,"Champions"
"15370",89,2,53.7,3,4,4,344,"Loyal Customers",3,4,4,344,"Loyal Customers"
"15373",1,3,36.25,5,4,2,542,"Loyal Customers",5,5,4,554,"Champions"
"15376",3,2,50.44,5,3,3,533,"Loyal Customers",5,4,4,544,"Champions"
"15382",70,2,85.38,3,4,5,345,"Loyal Customers",3,4,5,345,"Loyal Customers"
"15386",72,1,5.04,3,2,1,321,"Potential Customers",3,2,1,321,"Potential Customers"
"15394",90,1,41.6,3,2,5,325,"Potential Customers",3,2,4,324,"Potential Customers"
"15402",82,1,15.9,3,2,3,323,"Potential Customers",3,2,2,322,"Potential Customers"
"15406",188,1,3.75,1,3,1,131,"Potential Customers",1,2,1,121,"Lost Customers"
"15410",58,3,84.9,4,5,4,454,"Champions",4,5,5,455,"Champions"
"15411",10,1,15,5,2,2,522,"Potential Customers",5,2,2,522,"Potential Customers"
"15412",57,1,6.6,4,2,2,422,"Potential Customers",4,2,1,421,"Potential Customers"
"15416",168,1,25.5,1,3,4,134,"Potential Customers",1,2,3,123,"Lost Customers"
"15421",101,1,31.8,2,2,5,225,"Lost Customers",2,2,3,223,"Lost Customers"
"15436",120,1,15.35,2,2,3,223,"Lost Customers",2,2,2,222,"Lost Customers"
"15438",17,1,7.55,5,2,1,521,"Potential Customers",5,2,1,521,"Potential Customers"
"15448",199,1,15,1,3,3,133,"Potential Customers",1,2,2,122,"Lost Customers"
"15449",71,1,19.92,3,2,4,324,"Potential Customers",3,2,3,323,"Potential Customers"
"15453",55,2,4.1,4,3,1,431,"Loyal Customers",4,4,1,441,"Loyal Customers"
"15465",126,1,102,2,2,5,225,"Lost Customers",2,2,5,225,"Lost Customers"
"15467",38,1,19.5,4,2,4,424,"Potential Customers",4,2,3,423,"Potential Customers"
"15469",6,1,10.2,5,2,2,522,"Potential Customers",5,2,2,522,"Potential Customers"
"15482",136,1,31,2,2,5,225,"Lost Customers",2,2,3,223,"Lost Customers"
"15483",152,1,0.42,1,3,1,131,"Potential Customers",1,2,1,121,"Lost Customers"
"15491",104,1,20.4,2,2,4,224,"Lost Customers",2,2,3,223,"Lost Customers"
"15493",35,3,21.85,4,5,1,451,"Loyal Customers",4,5,3,453,"Loyal Customers"
"15494",7,1,21.66,5,2,4,524,"Potential Customers",5,2,3,523,"Potential Customers"
"15498",57,6,184.73,4,5,5,455,"Champions",4,5,5,455,"Champions"
"15502",9,2,89.52,5,3,4,534,"Loyal Customers",5,4,5,545,"Champions"
"15507",57,1,16.5,4,2,4,424,"Potential Customers",4,2,2,422,"Potential Customers"
"15508",75,4,27.64,3,5,2,352,"Loyal Customers",3,5,3,353,"Loyal Customers"
"15513",97,2,257,2,5,5,255,"Potential Customers",2,4,5,245,"Potential Customers"
"15514",111,1,4.15,2,2,1,221,"Lost Customers",2,2,1,221,"Lost Customers"
"15518",45,3,40.45,4,5,2,452,"Loyal Customers",4,5,4,454,"Champions"
"15521",34,1,10.5,4,2,3,423,"Potential Customers",4,2,2,422,"Potential Customers"
"15527",68,2,35.6,3,4,3,343,"Loyal Customers",3,4,4,344,"Loyal Customers"
"15528",140,1,6.65,2,2,2,222,"Lost Customers",2,2,1,221,"Lost Customers"
"15529",28,4,69.57,4,5,3,453,"Loyal Customers",4,5,5,455,"Champions"
"15532",17,1,5.5,5,2,1,521,"Potential Customers",5,2,1,521,"Potential Customers"
"15535",59,2,7.6,3,4,1,341,"Loyal Customers",3,4,1,341,"Loyal Customers"
"15537",49,1,3.25,4,2,1,421,"Potential Customers",4,2,1,421,"Potential Customers"
"15544",97,2,29.7,2,5,2,252,"Potential Customers",2,4,3,243,"Potential Customers"
"15547",80,5,48.45,3,5,3,353,"Loyal Customers",3,5,4,354,"Loyal Customers"
"15549",203,1,39.55,1,3,4,134,"Potential Customers",1,2,4,124,"Lost Customers"
"15550",188,1,15.3,1,3,3,133,"Potential Customers",1,2,2,122,"Lost Customers"
"15552",103,1,8.85,2,2,2,222,"Lost Customers",2,2,1,221,"Lost Customers"
"15554",163,1,15,1,3,3,133,"Potential Customers",1,2,2,122,"Lost Customers"
"15555",44,5,21.13,4,5,1,451,"Loyal Customers",4,5,3,453,"Loyal Customers"
"15563",86,1,10,3,2,2,322,"Potential Customers",3,2,1,321,"Potential Customers"
"15570",27,3,32.75,5,4,2,542,"Loyal Customers",5,5,4,554,"Champions"
"15572",134,1,6.6,2,3,1,231,"Potential Customers",2,2,1,221,"Lost Customers"
"15581",113,1,1.95,2,3,1,231,"Potential Customers",2,2,1,221,"Lost Customers"
"15584",48,1,1.65,4,2,1,421,"Potential Customers",4,2,1,421,"Potential Customers"
"15585",62,1,49.56,3,2,5,325,"Potential Customers",3,2,4,324,"Potential Customers"
"15596",213,1,31.8,1,3,4,134,"Potential Customers",1,2,3,123,"Lost Customers"
"15601",8,4,100.7,5,5,3,553,"Loyal Customers",5,5,5,555,"Champions"
"15605",138,1,17,2,3,3,233,"Potential Customers",2,2,2,222,"Lost Customers"
"15609",70,1,15,3,2,3,323,"Potential Customers",3,2,2,322,"Potential Customers"
"15615",7,5,248.2,5,5,4,554,"Champions",5,5,5,555,"Champions"
"15622",111,1,11.4,2,3,2,232,"Potential Customers",2,2,2,222,"Lost Customers"
"15624",2,1,17.7,5,2,4,524,"Potential Customers",5,2,3,523,"Potential Customers"
"15625",121,1,70.5,2,3,5,235,"Potential Customers",2,2,5,225,"Lost Customers"
"15632",7,2,35.4,5,3,2,532,"Loyal Customers",5,4,4,544,"Champions"
"15640",10,3,133.5,5,4,5,545,"Champions",5,5,5,555,"Champions"
"15641",168,1,38.3,1,3,4,134,"Potential Customers",1,2,4,124,"Lost Customers"
"15644",52,3,27.22,4,5,1,451,"Loyal Customers",4,5,3,453,"Loyal Customers"
"15655",129,1,15,2,3,3,233,"Potential Customers",2,2,2,222,"Lost Customers"
"15660",21,1,15,5,2,3,523,"Potential Customers",5,2,2,522,"Potential Customers"
"15665",54,2,63.75,4,3,4,434,"Loyal Customers",4,4,5,445,"Champions"
"15673",42,3,42.09,4,5,2,452,"Loyal Customers",4,5,4,454,"Champions"
"15674",101,1,36.3,2,3,5,235,"Potential Customers",2,2,4,224,"Lost Customers"
"15675",41,1,8.4,4,2,2,422,"Potential Customers",4,2,1,421,"Potential Customers"
"15681",166,1,7.8,1,3,2,132,"Potential Customers",1,2,1,121,"Lost Customers"
"15696",164,2,21.45,1,5,3,153,"Potential Customers",1,4,3,143,"Potential Customers"
"15700",59,1,8.3,3,2,2,322,"Potential Customers",3,2,1,321,"Potential Customers"
"15704",26,2,76.8,5,3,4,534,"Loyal Customers",5,4,5,545,"Champions"
"15708",24,2,46.68,5,3,3,533,"Loyal Customers",5,4,4,544,"Champions"
"15712",174,1,15,1,3,3,133,"Potential Customers",1,2,2,122,"Lost Customers"
"15716",87,2,26.27,3,4,2,342,"Loyal Customers",3,4,3,343,"Loyal Customers"
"15719",12,6,89.35,5,5,3,553,"Loyal Customers",5,5,5,555,"Champions"
"15722",73,1,6.6,3,2,2,322,"Potential Customers",3,2,1,321,"Potential Customers"
"15727",218,1,9.9,1,3,2,132,"Potential Customers",1,2,1,121,"Lost Customers"
"15737",75,2,34.65,3,4,3,343,"Loyal Customers",3,4,4,344,"Loyal Customers"
"15738",156,1,54.08,1,3,5,135,"Potential Customers",1,2,4,124,"Lost Customers"
"15749",219,1,4921.5,1,3,5,135,"Potential Customers",1,2,5,125,"Lost Customers"
"15750",56,2,43.53,4,4,3,443,"Loyal Customers",4,4,4,444,"Champions"
"15752",1,4,21.55,5,5,1,551,"Loyal Customers",5,5,3,553,"Loyal Customers"
"15755",121,1,20.4,2,3,4,234,"Potential Customers",2,2,3,223,"Lost Customers"
"15756",99,2,5.2,2,5,1,251,"Potential Customers",2,4,1,241,"Potential Customers"
"15757",103,1,37.12,2,3,5,235,"Potential Customers",2,2,4,224,"Lost Customers"
"15764",70,2,33.3,3,4,3,343,"Loyal Customers",3,4,4,344,"Loyal Customers"
"15769",41,1,370,4,2,5,425,"Potential Customers",4,2,5,425,"Potential Customers"
"15785",83,1,19.92,3,2,4,324,"Potential Customers",3,2,3,323,"Potential Customers"
"15791",90,1,40.8,3,2,5,325,"Potential Customers",3,2,4,324,"Potential Customers"
"15796",189,1,5.1,1,3,1,131,"Potential Customers",1,2,1,121,"Lost Customers"
"15799",71,1,4,3,2,1,321,"Potential Customers",3,2,1,321,"Potential Customers"
"15804",17,3,38.25,5,4,2,542,"Loyal Customers",5,5,4,554,"Champions"
"15805",72,2,49.52,3,4,3,343,"Loyal Customers",3,4,4,344,"Loyal Customers"
"15808",193,1,45.45,1,3,4,134,"Potential Customers",1,2,4,124,"Lost Customers"
"15809",189,1,15.3,1,3,3,133,"Potential Customers",1,2,2,122,"Lost Customers"
"15810",183,1,34.3,1,3,4,134,"Potential Customers",1,2,4,124,"Lost Customers"
"15811",91,1,16.5,3,2,3,323,"Potential Customers",3,2,2,322,"Potential Customers"
"15812",75,1,6.3,3,2,2,322,"Potential Customers",3,2,1,321,"Potential Customers"
"15813",125,1,14.85,2,3,2,232,"Potential Customers",2,2,2,222,"Lost Customers"
"15815",26,1,15.12,5,2,3,523,"Potential Customers",5,2,2,522,"Potential Customers"
"15819",162,1,5.04,1,3,1,131,"Potential Customers",1,2,1,121,"Lost Customers"
"15825",58,1,58,4,2,5,425,"Potential Customers",4,2,4,424,"Potential Customers"
"15826",96,1,15.6,3,2,3,323,"Potential Customers",3,2,2,322,"Potential Customers"
"15827",69,3,48.7,3,5,3,353,"Loyal Customers",3,5,4,354,"Loyal Customers"
"15829",26,1,9,5,2,2,522,"Potential Customers",5,2,1,521,"Potential Customers"
"15832",140,1,17.88,2,3,3,233,"Potential Customers",2,2,3,223,"Lost Customers"
"15834",51,2,26.15,4,4,2,442,"Loyal Customers",4,4,3,443,"Loyal Customers"
"15835",217,1,11.7,1,3,2,132,"Potential Customers",1,2,2,122,"Lost Customers"
"15838",7,2,398.56,5,3,5,535,"Loyal Customers",5,4,5,545,"Champions"
"15839",34,1,39.9,4,2,5,425,"Potential Customers",4,2,4,424,"Potential Customers"
"15852",83,1,3.72,3,2,1,321,"Potential Customers",3,2,1,321,"Potential Customers"
"15854",94,2,190.61,3,4,5,345,"Loyal Customers",3,4,5,345,"Loyal Customers"
"15855",92,1,13.52,3,2,3,323,"Potential Customers",3,2,2,322,"Potential Customers"
"15856",89,4,116.93,3,5,4,354,"Loyal Customers",3,5,5,355,"Loyal Customers"
"15858",176,1,8.24,1,3,2,132,"Potential Customers",1,2,1,121,"Lost Customers"
"15860",138,1,11.9,2,3,2,232,"Potential Customers",2,2,2,222,"Lost Customers"
"15861",20,2,19.8,5,3,1,531,"Loyal Customers",5,4,3,543,"Loyal Customers"
"15865",99,1,15.54,2,3,3,233,"Potential Customers",2,2,2,222,"Lost Customers"
"15867",69,3,38.65,3,5,2,352,"Loyal Customers",3,5,4,354,"Loyal Customers"
"15874",103,3,128.2,2,5,5,255,"Potential Customers",2,5,5,255,"Potential Customers"
"15889",42,1,9.45,4,2,3,423,"Potential Customers",4,2,1,421,"Potential Customers"
"15891",112,1,28.5,2,3,4,234,"Potential Customers",2,2,3,223,"Lost Customers"
"15903",182,1,10.08,1,3,2,132,"Potential Customers",1,2,2,122,"Lost Customers"
"15907",62,1,1.25,3,2,1,321,"Potential Customers",3,2,1,321,"Potential Customers"
"15910",203,1,3.75,1,3,1,131,"Potential Customers",1,2,1,121,"Lost Customers"
"15918",76,2,51.27,3,4,4,344,"Loyal Customers",3,4,4,344,"Loyal Customers"
"15920",40,1,5,4,2,1,421,"Potential Customers",4,2,1,421,"Potential Customers"
"15932",51,3,74.4,4,5,4,454,"Champions",4,5,5,455,"Champions"
"15939",113,2,244.08,2,5,5,255,"Potential Customers",2,4,5,245,"Potential Customers"
"15955",6,2,109.2,5,3,5,535,"Loyal Customers",5,4,5,545,"Champions"
"15970",190,1,49.8,1,3,5,135,"Potential Customers",1,2,4,124,"Lost Customers"
"15974",70,2,29.76,3,4,2,342,"Loyal Customers",3,4,3,343,"Loyal Customers"
"15981",198,1,67.5,1,3,5,135,"Potential Customers",1,2,5,125,"Lost Customers"
"15985",9,2,54.3,5,3,3,533,"Loyal Customers",5,4,4,544,"Champions"
"15987",85,1,23.4,3,2,4,324,"Potential Customers",3,2,3,323,"Potential Customers"
"15998",57,2,12.56,4,4,1,441,"Loyal Customers",4,4,2,442,"Loyal Customers"
"16005",68,1,2.08,3,2,1,321,"Potential Customers",3,2,1,321,"Potential Customers"
"16006",97,1,23.1,2,3,4,234,"Potential Customers",2,2,3,223,"Lost Customers"
"16007",66,2,10.49,3,4,1,341,"Loyal Customers",3,4,2,342,"Loyal Customers"
"16009",45,1,14.75,4,2,3,423,"Potential Customers",4,2,2,422,"Potential Customers"
"16010",131,1,38.35,2,3,5,235,"Potential Customers",2,2,4,224,"Lost Customers"
"16011",30,4,47.2,4,5,2,452,"Loyal Customers",4,5,4,454,"Champions"
"16012",14,1,1.65,5,2,1,521,"Potential Customers",5,2,1,521,"Potential Customers"
"16014",38,2,10.85,4,4,1,441,"Loyal Customers",4,4,2,442,"Loyal Customers"
"16016",112,1,3.95,2,3,1,231,"Potential Customers",2,2,1,221,"Lost Customers"
"16022",146,1,5.8,2,3,1,231,"Potential Customers",2,2,1,221,"Lost Customers"
"16027",104,1,19.9,2,3,4,234,"Potential Customers",2,2,3,223,"Lost Customers"
"16029",20,2,326.76,5,3,5,535,"Loyal Customers",5,4,5,545,"Champions"
"16030",196,1,67.8,1,3,5,135,"Potential Customers",1,2,5,125,"Lost Customers"
"16031",133,1,2.95,2,3,1,231,"Potential Customers",2,2,1,221,"Lost Customers"
"16033",121,3,14.1,2,5,1,251,"Potential Customers",2,5,2,252,"Potential Customers"
"16034",219,1,10.4,1,3,2,132,"Potential Customers",1,2,2,122,"Lost Customers"
"16040",34,2,122.21,4,4,5,445,"Champions",4,4,5,445,"Champions"
"16043",132,2,73.2,2,5,4,254,"Potential Customers",2,4,5,245,"Potential Customers"
"16054",31,1,7.95,4,2,2,422,"Potential Customers",4,2,1,421,"Potential Customers"
"16057",171,1,10.5,1,3,2,132,"Potential Customers",1,2,2,122,"Lost Customers"
"16076",20,1,15,5,2,3,523,"Potential Customers",5,2,2,522,"Potential Customers"
"16084",186,1,19.8,1,3,3,133,"Potential Customers",1,2,3,123,"Lost Customers"
"16092",140,1,15,2,3,3,233,"Potential Customers",2,2,2,222,"Lost Customers"
"16098",43,1,20.8,4,2,4,424,"Potential Customers",4,2,3,423,"Potential Customers"
"16099",23,2,61,5,3,3,533,"Loyal Customers",5,4,5,545,"Champions"
"16102",14,1,20.8,5,2,4,524,"Potential Customers",5,2,3,523,"Potential Customers"
"16103",72,1,35.4,3,2,5,325,"Potential Customers",3,2,4,324,"Potential Customers"
"16109",104,1,23.4,2,3,4,234,"Potential Customers",2,3,3,233,"Potential Customers"
"16110",148,2,43.4,1,5,4,154,"Potential Customers",1,4,4,144,"Potential Customers"
"16115",3,1,35.28,5,2,5,525,"Potential Customers",5,3,4,534,"Loyal Customers"
"16131",125,1,30,2,3,4,234,"Potential Customers",2,3,3,233,"Potential Customers"
"16133",6,4,199.89,5,5,4,554,"Champions",5,5,5,555,"Champions"
"16135",148,1,10.2,1,3,2,132,"Potential Customers",1,3,2,132,"Potential Customers"
"16142",135,1,16.5,2,3,3,233,"Potential Customers",2,3,2,232,"Potential Customers"
"16145",36,2,43.86,4,4,3,443,"Loyal Customers",4,4,4,444,"Champions"
"16150",14,1,29.7,5,2,4,524,"Potential Customers",5,3,3,533,"Loyal Customers"
"16161",55,4,70.5,4,5,3,453,"Loyal Customers",4,5,5,455,"Champions"
"16170",20,2,83.64,5,3,4,534,"Loyal Customers",5,4,5,545,"Champions"
"16172",127,1,10.08,2,3,2,232,"Potential Customers",2,3,2,232,"Potential Customers"
"16175",90,1,9.96,3,2,2,322,"Potential Customers",3,3,1,331,"Loyal Customers"
"16180",13,2,76.5,5,3,4,534,"Loyal Customers",5,4,5,545,"Champions"
"16182",16,1,358,5,2,5,525,"Potential Customers",5,3,5,535,"Loyal Customers"
"16184",97,1,16.5,2,3,3,233,"Potential Customers",2,3,2,232,"Potential Customers"
"16186",28,2,60.76,4,4,4,444,"Champions",4,4,5,445,"Champions"
"16187",55,2,27.76,4,4,2,442,"Loyal Customers",4,4,3,443,"Loyal Customers"
"16193",122,1,17.4,2,3,3,233,"Potential Customers",2,3,2,232,"Potential Customers"
"16200",50,1,6.24,4,2,2,422,"Potential Customers",4,3,1,431,"Loyal Customers"
"16206",214,1,3.75,1,3,1,131,"Potential Customers",1,3,1,131,"Potential Customers"
"16208",176,1,13.9,1,3,3,133,"Potential Customers",1,3,2,132,"Potential Customers"
"16209",5,2,42.06,5,3,3,533,"Loyal Customers",5,4,4,544,"Champions"
"16210",106,1,813.6,2,3,5,235,"Potential Customers",2,3,5,235,"Potential Customers"
"16212",169,1,15.9,1,3,3,133,"Potential Customers",1,3,2,132,"Potential Customers"
"16214",155,1,33.5,1,3,4,134,"Potential Customers",1,3,4,134,"Potential Customers"
"16222",205,1,4.95,1,3,1,131,"Potential Customers",1,3,1,131,"Potential Customers"
"16225",35,1,4.56,4,2,1,421,"Potential Customers",4,3,1,431,"Loyal Customers"
"16235",72,1,19.8,3,2,3,323,"Potential Customers",3,3,3,333,"Loyal Customers"
"16241",7,5,24.74,5,5,1,551,"Loyal Customers",5,5,3,553,"Loyal Customers"
"16245",7,1,16.35,5,2,3,523,"Potential Customers",5,3,2,532,"Loyal Customers"
"16247",56,1,19.9,4,2,4,424,"Potential Customers",4,3,3,433,"Loyal Customers"
"16249",23,1,9.96,5,2,2,522,"Potential Customers",5,3,1,531,"Loyal Customers"
"16253",141,1,13.5,2,3,2,232,"Potential Customers",2,3,2,232,"Potential Customers"
"16255",17,3,38.32,5,4,2,542,"Loyal Customers",5,5,4,554,"Champions"
"16258",13,3,267.9,5,4,5,545,"Champions",5,5,5,555,"Champions"
"16261",132,1,7.65,2,3,1,231,"Potential Customers",2,3,1,231,"Potential Customers"
"16265",44,3,68.4,4,5,3,453,"Loyal Customers",4,5,5,455,"Champions"
"16271",28,1,2.55,4,2,1,421,"Potential Customers",4,3,1,431,"Loyal Customers"
"16279",62,1,37.5,3,2,5,325,"Potential Customers",3,3,4,334,"Loyal Customers"
"16283",6,3,27,5,4,2,542,"Loyal Customers",5,5,3,553,"Loyal Customers"
"16303",1,1,53.8,5,2,5,525,"Potential Customers",5,3,4,534,"Loyal Customers"
"16305",24,1,16.5,5,2,3,523,"Potential Customers",5,3,2,532,"Loyal Customers"
"16315",217,1,16.95,1,3,3,133,"Potential Customers",1,3,2,132,"Potential Customers"
"16316",43,2,20.46,4,4,2,442,"Loyal Customers",4,4,3,443,"Loyal Customers"
"16320",99,1,27.9,2,3,4,234,"Potential Customers",2,3,3,233,"Potential Customers"
"16324",14,1,1.95,5,2,1,521,"Potential Customers",5,3,1,531,"Loyal Customers"
"16326",59,2,11.25,4,4,1,441,"Loyal Customers",4,4,2,442,"Loyal Customers"
"16327",85,3,54,3,5,3,353,"Loyal Customers",3,5,4,354,"Loyal Customers"
"16332",192,1,7.65,1,3,1,131,"Potential Customers",1,3,1,131,"Potential Customers"
"16341",87,1,19.8,3,2,4,324,"Potential Customers",3,3,3,333,"Loyal Customers"
"16344",44,1,65.4,4,2,5,425,"Potential Customers",4,3,5,435,"Loyal Customers"
"16348",126,1,41.4,2,3,5,235,"Potential Customers",2,3,4,234,"Potential Customers"
"16349",177,1,2.08,1,4,1,141,"Potential Customers",1,3,1,131,"Potential Customers"
"16351",219,1,19.5,1,4,4,144,"Potential Customers",1,3,3,133,"Potential Customers"
"16353",103,2,32.8,2,5,2,252,"Potential Customers",2,4,4,244,"Potential Customers"
"16356",163,1,2.08,1,4,1,141,"Potential Customers",1,3,1,131,"Potential Customers"
"16358",70,1,15,3,2,3,323,"Potential Customers",3,3,2,332,"Loyal Customers"
"16369",82,1,34,3,2,4,324,"Potential Customers",3,3,4,334,"Loyal Customers"
"16370",3,2,20.55,5,3,1,531,"Loyal Customers",5,4,3,543,"Loyal Customers"
"16383",154,1,7.5,1,4,1,141,"Potential Customers",1,3,1,131,"Potential Customers"
"16386",139,1,16.6,2,3,3,233,"Potential Customers",2,3,2,232,"Potential Customers"
"16393",101,2,34.75,2,5,2,252,"Potential Customers",2,4,4,244,"Potential Customers"
"16395",54,2,22.95,4,4,2,442,"Loyal Customers",4,4,3,443,"Loyal Customers"
"16398",139,1,47.05,2,3,5,235,"Potential Customers",2,3,4,234,"Potential Customers"
"16399",121,1,4.95,2,3,1,231,"Potential Customers",2,3,1,231,"Potential Customers"
"16401",17,1,13.68,5,2,2,522,"Potential Customers",5,3,2,532,"Loyal Customers"
"16409",128,1,10.15,2,3,2,232,"Potential Customers",2,3,2,232,"Potential Customers"
"16414",166,1,15.9,1,4,3,143,"Potential Customers",1,3,2,132,"Potential Customers"
"16419",54,1,65.29,4,2,5,425,"Potential Customers",4,3,5,435,"Loyal Customers"
"16422",37,7,896.28,4,5,5,455,"Champions",4,5,5,455,"Champions"
"16431",99,1,13.35,2,3,2,232,"Potential Customers",2,3,2,232,"Potential Customers"
"16434",78,1,39.6,3,2,5,325,"Potential Customers",3,3,4,334,"Loyal Customers"
"16440",100,1,5,2,3,1,231,"Potential Customers",2,3,1,231,"Potential Customers"
"16447",21,1,1.65,5,2,1,521,"Potential Customers",5,3,1,531,"Loyal Customers"
"16448",84,1,9.65,3,3,2,332,"Loyal Customers",3,3,1,331,"Loyal Customers"
"16449",83,1,19.9,3,3,4,334,"Loyal Customers",3,3,3,333,"Loyal Customers"
"16455",90,1,18,3,3,3,333,"Loyal Customers",3,3,3,333,"Loyal Customers"
"16458",103,3,59.8,2,5,4,254,"Potential Customers",2,5,4,254,"Potential Customers"
"16463",90,1,62.95,3,3,5,335,"Loyal Customers",3,3,5,335,"Loyal Customers"
"16464",28,1,13.17,4,2,3,423,"Potential Customers",4,3,2,432,"Loyal Customers"
"16466",3,1,2.1,5,2,1,521,"Potential Customers",5,3,1,531,"Loyal Customers"
"16470",78,1,8.25,3,3,2,332,"Loyal Customers",3,3,1,331,"Loyal Customers"
"16473",50,1,22.5,4,2,4,424,"Potential Customers",4,3,3,433,"Loyal Customers"
"16477",17,2,27,5,3,1,531,"Loyal Customers",5,4,3,543,"Loyal Customers"
"16495",162,1,2.55,1,4,1,141,"Potential Customers",1,3,1,131,"Potential Customers"
"16496",93,1,20.8,3,3,4,334,"Loyal Customers",3,3,3,333,"Loyal Customers"
"16497",89,1,19.8,3,3,4,334,"Loyal Customers",3,3,3,333,"Loyal Customers"
"16511",30,1,2.55,4,2,1,421,"Potential Customers",4,3,1,431,"Loyal Customers"
"16515",132,2,9.55,2,5,1,251,"Potential Customers",2,4,1,241,"Potential Customers"
"16523",85,3,174.7,3,5,5,355,"Loyal Customers",3,5,5,355,"Loyal Customers"
"16526",57,1,17.7,4,2,4,424,"Potential Customers",4,3,3,433,"Loyal Customers"
"16529",76,1,14.85,3,3,2,332,"Loyal Customers",3,3,2,332,"Loyal Customers"
"16539",105,1,9.9,2,3,1,231,"Potential Customers",2,3,1,231,"Potential Customers"
"16549",10,1,8.4,5,2,1,521,"Potential Customers",5,3,1,531,"Loyal Customers"
"16550",71,1,28.52,3,3,4,334,"Loyal Customers",3,3,3,333,"Loyal Customers"
"16558",7,5,90.64,5,5,3,553,"Loyal Customers",5,5,5,555,"Champions"
"16567",80,1,15.6,3,3,3,333,"Loyal Customers",3,3,2,332,"Loyal Customers"
"16570",13,3,98.9,5,4,5,545,"Champions",5,5,5,555,"Champions"
"16571",62,2,27.5,3,4,2,342,"Loyal Customers",3,4,3,343,"Loyal Customers"
"16572",161,1,17.7,1,4,3,143,"Potential Customers",1,3,3,133,"Potential Customers"
"16592",174,1,46.2,1,4,5,145,"Potential Customers",1,3,4,134,"Potential Customers"
"16593",75,1,9.95,3,3,2,332,"Loyal Customers",3,3,1,331,"Loyal Customers"
"16607",126,1,12.6,2,3,2,232,"Potential Customers",2,3,2,232,"Potential Customers"
"16609",83,3,62.15,3,5,3,353,"Loyal Customers",3,5,5,355,"Loyal Customers"
"16612",198,1,15,1,4,3,143,"Potential Customers",1,3,2,132,"Potential Customers"
"16616",43,1,5.04,4,2,2,422,"Potential Customers",4,3,1,431,"Loyal Customers"
"16618",209,1,16.95,1,4,3,143,"Potential Customers",1,3,2,132,"Potential Customers"
"16621",33,2,86.46,4,4,4,444,"Champions",4,4,5,445,"Champions"
"16625",160,1,8.5,1,4,2,142,"Potential Customers",1,3,1,131,"Potential Customers"
"16626",152,1,62.6,1,4,5,145,"Potential Customers",1,3,5,135,"Potential Customers"
"16628",21,1,26.7,5,2,4,524,"Potential Customers",5,3,3,533,"Loyal Customers"
"16633",120,1,10.2,2,3,2,232,"Potential Customers",2,3,2,232,"Potential Customers"
"16643",131,1,25.5,2,3,4,234,"Potential Customers",2,3,3,233,"Potential Customers"
"16644",98,1,9.96,2,3,1,231,"Potential Customers",2,3,1,231,"Potential Customers"
"16652",98,1,30,2,3,4,234,"Potential Customers",2,3,3,233,"Potential Customers"
"16654",121,1,15,2,3,3,233,"Potential Customers",2,3,2,232,"Potential Customers"
"16655",17,2,38.85,5,3,2,532,"Loyal Customers",5,4,4,544,"Champions"
"16656",78,1,172.8,3,3,5,335,"Loyal Customers",3,3,5,335,"Loyal Customers"
"16657",34,2,13.9,4,4,2,442,"Loyal Customers",4,4,2,442,"Loyal Customers"
"16670",133,2,66.42,2,5,4,254,"Potential Customers",2,4,5,245,"Potential Customers"
"16672",62,2,68.4,3,4,4,344,"Loyal Customers",3,4,5,345,"Loyal Customers"
"16676",119,1,19.9,2,3,4,234,"Potential Customers",2,3,3,233,"Potential Customers"
"16681",91,1,10.08,3,3,2,332,"Loyal Customers",3,3,2,332,"Loyal Customers"
"16684",24,2,410.4,5,3,5,535,"Loyal Customers",5,4,5,545,"Champions"
"16686",80,2,34.85,3,4,3,343,"Loyal Customers",3,4,4,344,"Loyal Customers"
"16700",36,3,72.4,4,5,3,453,"Loyal Customers",4,5,5,455,"Champions"
"16701",75,1,67.5,3,3,5,335,"Loyal Customers",3,3,5,335,"Loyal Customers"
"16705",30,3,387.96,4,5,5,455,"Champions",4,5,5,455,"Champions"
"16709",85,2,54.6,3,4,4,344,"Loyal Customers",3,4,4,344,"Loyal Customers"
"16710",24,5,28.16,5,5,1,551,"Loyal Customers",5,5,3,553,"Loyal Customers"
"16712",15,4,54,5,5,1,551,"Loyal Customers",5,5,4,554,"Champions"
"16713",58,3,72.9,4,5,3,453,"Loyal Customers",4,5,5,455,"Champions"
"16714",204,1,17.6,1,4,3,143,"Potential Customers",1,3,2,132,"Potential Customers"
"16717",58,1,8.5,4,2,3,423,"Potential Customers",4,3,1,431,"Loyal Customers"
"16719",121,1,10.5,2,3,2,232,"Potential Customers",2,3,2,232,"Potential Customers"
"16721",148,1,2.5,1,4,1,141,"Potential Customers",1,3,1,131,"Potential Customers"
"16722",26,2,21.56,5,3,1,531,"Loyal Customers",5,4,3,543,"Loyal Customers"
"16725",189,1,1.7,1,4,1,141,"Potential Customers",1,3,1,131,"Potential Customers"
"16726",181,1,23.4,1,4,4,144,"Potential Customers",1,3,3,133,"Potential Customers"
"16728",52,3,19.76,4,5,1,451,"Loyal Customers",4,5,3,453,"Loyal Customers"
"16729",19,9,171.13,5,5,4,554,"Champions",5,5,5,555,"Champions"
"16739",62,1,52,3,3,5,335,"Loyal Customers",3,3,4,334,"Loyal Customers"
"16743",41,3,8.4,4,5,1,451,"Loyal Customers",4,5,1,451,"Loyal Customers"
"16745",97,5,124.85,2,5,5,255,"Potential Customers",2,5,5,255,"Potential Customers"
"16746",106,4,80.2,2,5,4,254,"Potential Customers",2,5,5,255,"Potential Customers"
"16750",22,1,7.5,5,2,1,521,"Potential Customers",5,3,1,531,"Loyal Customers"
"16755",112,1,10.4,2,3,2,232,"Potential Customers",2,3,2,232,"Potential Customers"
"16763",84,1,102.9,3,3,5,335,"Loyal Customers",3,3,5,335,"Loyal Customers"
"16764",17,2,13.05,5,4,1,541,"Loyal Customers",5,4,2,542,"Loyal Customers"
"16766",159,2,93.9,1,5,5,155,"Potential Customers",1,4,5,145,"Potential Customers"
"16767",68,2,57.36,3,4,4,344,"Loyal Customers",3,4,4,344,"Loyal Customers"
"16768",157,1,21.9,1,4,4,144,"Potential Customers",1,3,3,133,"Potential Customers"
"16769",146,1,18.75,2,3,4,234,"Potential Customers",2,3,3,233,"Potential Customers"
"16770",200,1,9.1,1,4,2,142,"Potential Customers",1,3,1,131,"Potential Customers"
"16771",161,2,18.48,1,5,3,153,"Potential Customers",1,4,3,143,"Potential Customers"
"16774",28,1,54.45,4,2,5,425,"Potential Customers",4,3,4,434,"Loyal Customers"
"16779",61,5,134.1,3,5,4,354,"Loyal Customers",3,5,5,355,"Loyal Customers"
"16782",43,2,41.1,4,4,3,443,"Loyal Customers",4,4,4,444,"Champions"
"16788",9,2,18.92,5,4,1,541,"Loyal Customers",5,4,3,543,"Loyal Customers"
"16791",8,2,6.25,5,4,1,541,"Loyal Customers",5,4,1,541,"Loyal Customers"
"16794",34,2,19.8,4,4,2,442,"Loyal Customers",4,4,3,443,"Loyal Customers"
"16801",78,2,45.9,3,4,3,343,"Loyal Customers",3,4,4,344,"Loyal Customers"
"16804",156,1,0.85,1,4,1,141,"Potential Customers",1,3,1,131,"Potential Customers"
"16805",59,1,5.95,4,2,2,422,"Potential Customers",4,3,1,431,"Loyal Customers"
"16806",106,1,3.9,2,3,1,231,"Potential Customers",2,3,1,231,"Potential Customers"
"16807",28,1,23.4,4,2,4,424,"Potential Customers",4,3,3,433,"Loyal Customers"
"16809",22,2,9.35,5,4,1,541,"Loyal Customers",5,4,1,541,"Loyal Customers"
"16813",31,4,16.3,4,5,1,451,"Loyal Customers",4,5,2,452,"Loyal Customers"
"16814",41,5,89.1,4,5,4,454,"Champions",4,5,5,455,"Champions"
"16816",35,1,5,4,2,2,422,"Potential Customers",4,3,1,431,"Loyal Customers"
"16817",71,2,27.54,3,5,1,351,"Loyal Customers",3,4,3,343,"Loyal Customers"
"16818",12,3,80.76,5,4,4,544,"Champions",5,5,5,555,"Champions"
"16824",50,1,30,4,2,5,425,"Potential Customers",4,3,3,433,"Loyal Customers"
"16825",71,1,10.2,3,3,2,332,"Loyal Customers",3,3,2,332,"Loyal Customers"
"16834",113,1,20.4,2,3,4,234,"Potential Customers",2,3,3,233,"Potential Customers"
"16837",98,1,17.7,2,3,3,233,"Potential Customers",2,3,3,233,"Potential Customers"
"16839",26,4,430.74,5,5,5,555,"Champions",5,5,5,555,"Champions"
"16841",23,2,20.16,5,4,1,541,"Loyal Customers",5,4,3,543,"Loyal Customers"
"16843",35,3,45.66,4,5,2,452,"Loyal Customers",4,5,4,454,"Champions"
"16859",30,2,55.25,4,4,4,444,"Champions",4,4,4,444,"Champions"
"16866",26,1,3.9,5,2,1,521,"Potential Customers",5,3,1,531,"Loyal Customers"
"16869",51,2,2.1,4,4,1,441,"Loyal Customers",4,4,1,441,"Loyal Customers"
"16871",141,1,14.85,2,3,3,233,"Potential Customers",2,3,2,232,"Potential Customers"
"16873",13,3,68.6,5,4,4,544,"Champions",5,5,5,555,"Champions"
"16875",183,1,17.85,1,4,4,144,"Potential Customers",1,3,3,133,"Potential Customers"
"16877",94,1,1.65,3,3,1,331,"Loyal Customers",3,3,1,331,"Loyal Customers"
"16880",38,2,45.65,4,4,3,443,"Loyal Customers",4,4,4,444,"Champions"
"16889",129,1,11.8,2,3,2,232,"Potential Customers",2,3,2,232,"Potential Customers"
"16898",63,1,1.24,3,3,1,331,"Loyal Customers",3,3,1,331,"Loyal Customers"
"16899",35,2,26.55,4,4,2,442,"Loyal Customers",4,4,3,443,"Loyal Customers"
"16904",7,7,61.54,5,5,2,552,"Loyal Customers",5,5,5,555,"Champions"
"16905",122,1,5.9,2,3,1,231,"Potential Customers",2,3,1,231,"Potential Customers"
"16907",120,2,36.2,2,5,2,252,"Potential Customers",2,4,4,244,"Potential Customers"
"16912",177,1,15.9,1,4,3,143,"Potential Customers",1,3,2,132,"Potential Customers"
"16918",204,1,6.74,1,4,1,141,"Potential Customers",1,3,1,131,"Potential Customers"
"16919",120,3,17.04,2,5,1,251,"Potential Customers",2,5,2,252,"Potential Customers"
"16923",59,6,111.09,4,5,4,454,"Champions",4,5,5,455,"Champions"
"16928",138,2,27.5,2,5,2,252,"Potential Customers",2,4,3,243,"Potential Customers"
"16929",41,1,16.5,4,2,4,424,"Potential Customers",4,3,2,432,"Loyal Customers"
"16931",17,7,43.07,5,5,1,551,"Loyal Customers",5,5,4,554,"Champions"
"16938",66,1,8.25,3,3,2,332,"Loyal Customers",3,3,1,331,"Loyal Customers"
"16940",55,2,11.02,4,4,1,441,"Loyal Customers",4,4,2,442,"Loyal Customers"
"16942",22,2,1.54,5,4,1,541,"Loyal Customers",5,4,1,541,"Loyal Customers"
"16945",87,3,35,3,5,2,352,"Loyal Customers",3,5,4,354,"Loyal Customers"
"16950",10,1,4.2,5,2,1,521,"Potential Customers",5,3,1,531,"Loyal Customers"
"16951",22,2,55.1,5,4,3,543,"Loyal Customers",5,4,4,544,"Champions"
"16955",70,1,16.35,3,3,3,333,"Loyal Customers",3,3,2,332,"Loyal Customers"
"16965",112,1,30.35,2,3,5,235,"Potential Customers",2,3,3,233,"Potential Customers"
"16966",90,1,79.2,3,3,5,335,"Loyal Customers",3,3,5,335,"Loyal Customers"
"16979",184,1,17.7,1,4,4,144,"Potential Customers",1,3,3,133,"Potential Customers"
"16980",178,1,25.7,1,4,4,144,"Potential Customers",1,3,3,133,"Potential Customers"
"16984",16,1,129.71,5,2,5,525,"Potential Customers",5,3,5,535,"Loyal Customers"
"16985",43,1,67.5,4,2,5,425,"Potential Customers",4,3,5,435,"Loyal Customers"
"16987",91,1,3.3,3,3,1,331,"Loyal Customers",3,3,1,331,"Loyal Customers"
"16992",85,1,15,3,3,2,332,"Loyal Customers",3,3,2,332,"Loyal Customers"
"16996",131,1,53.1,2,3,5,235,"Potential Customers",2,3,4,234,"Potential Customers"
"17001",206,1,31.95,1,4,5,145,"Potential Customers",1,3,4,134,"Potential Customers"
"17002",101,1,68,2,3,5,235,"Potential Customers",2,3,5,235,"Potential Customers"
"17007",41,1,6.96,4,2,2,422,"Potential Customers",4,3,1,431,"Loyal Customers"
"17015",71,1,3.3,3,3,1,331,"Loyal Customers",3,3,1,331,"Loyal Customers"
"17017",48,2,90.54,4,4,5,445,"Champions",4,4,5,445,"Champions"
"17019",217,1,20.3,1,4,4,144,"Potential Customers",1,3,3,133,"Potential Customers"
"17027",65,3,14.3,3,5,1,351,"Loyal Customers",3,5,2,352,"Loyal Customers"
"17034",174,1,15,1,4,3,143,"Potential Customers",1,3,2,132,"Potential Customers"
"17035",198,1,13.52,1,4,2,142,"Potential Customers",1,3,2,132,"Potential Customers"
"17040",23,1,10,5,2,2,522,"Potential Customers",5,3,1,531,"Loyal Customers"
"17042",40,3,42.3,4,5,2,452,"Loyal Customers",4,5,4,454,"Champions"
"17047",91,1,15,3,3,3,333,"Loyal Customers",3,3,2,332,"Loyal Customers"
"17049",161,1,57.65,1,4,5,145,"Potential Customers",1,3,4,134,"Potential Customers"
"17050",179,1,16.6,1,4,3,143,"Potential Customers",1,3,2,132,"Potential Customers"
"17053",16,1,35.7,5,2,5,525,"Potential Customers",5,3,4,534,"Loyal Customers"
"17054",93,2,35.7,3,5,2,352,"Loyal Customers",3,4,4,344,"Loyal Customers"
"17060",152,1,17.7,1,4,4,144,"Potential Customers",1,3,3,133,"Potential Customers"
"17061",118,1,61.2,2,3,5,235,"Potential Customers",2,3,5,235,"Potential Customers"
"17062",200,1,12.5,1,4,2,142,"Potential Customers",1,3,2,132,"Potential Customers"
"17063",176,1,19.5,1,4,4,144,"Potential Customers",1,3,3,133,"Potential Customers"
"17068",34,3,55.8,4,5,3,453,"Loyal Customers",4,5,4,454,"Champions"
"17069",112,1,2.95,2,4,1,241,"Potential Customers",2,3,1,231,"Potential Customers"
"17071",139,1,8.4,2,4,2,242,"Potential Customers",2,3,1,231,"Potential Customers"
"17082",205,1,29.1,1,4,5,145,"Potential Customers",1,3,3,133,"Potential Customers"
"17083",190,1,45,1,4,5,145,"Potential Customers",1,3,4,134,"Potential Customers"
"17085",9,2,17.4,5,4,1,541,"Loyal Customers",5,4,2,542,"Loyal Customers"
"17090",175,1,90,1,4,5,145,"Potential Customers",1,3,5,135,"Potential Customers"
"17091",71,2,41.6,3,5,2,352,"Loyal Customers",3,4,4,344,"Loyal Customers"
"17094",209,1,12.5,1,4,2,142,"Potential Customers",1,3,2,132,"Potential Customers"
"17095",186,1,12.75,1,4,2,142,"Potential Customers",1,3,2,132,"Potential Customers"
"17097",211,1,13.52,1,4,3,143,"Potential Customers",1,3,2,132,"Potential Customers"
"17105",45,2,20.9,4,4,2,442,"Loyal Customers",4,5,3,453,"Loyal Customers"
"17107",94,2,173.16,3,5,5,355,"Loyal Customers",3,5,5,355,"Loyal Customers"
"17110",51,1,5.8,4,2,2,422,"Potential Customers",4,3,1,431,"Loyal Customers"
"17114",135,1,9.95,2,4,2,242,"Potential Customers",2,3,1,231,"Potential Customers"
"17124",71,1,54.95,3,3,5,335,"Loyal Customers",3,3,4,334,"Loyal Customers"
"17126",38,2,2.5,4,4,1,441,"Loyal Customers",4,5,1,451,"Loyal Customers"
"17139",61,3,146.05,3,5,5,355,"Loyal Customers",3,5,5,355,"Loyal Customers"
"17147",198,1,9.9,1,4,2,142,"Potential Customers",1,3,1,131,"Potential Customers"
"17159",57,1,35.8,4,2,5,425,"Potential Customers",4,3,4,434,"Loyal Customers"
"17160",22,3,161.2,5,4,5,545,"Champions",5,5,5,555,"Champions"
"17162",163,1,15.3,1,4,3,143,"Potential Customers",1,3,2,132,"Potential Customers"
"17164",37,3,40.69,4,5,2,452,"Loyal Customers",4,5,4,454,"Champions"
"17169",69,1,13.9,3,3,2,332,"Loyal Customers",3,3,2,332,"Loyal Customers"
"17171",176,1,17.85,1,4,4,144,"Potential Customers",1,3,3,133,"Potential Customers"
"17175",27,2,93,5,4,4,544,"Champions",5,5,5,555,"Champions"
"17179",118,1,9.95,2,4,2,242,"Potential Customers",2,3,1,231,"Potential Customers"
"17180",127,1,4.98,2,4,1,241,"Potential Customers",2,3,1,231,"Potential Customers"
"17191",77,2,50.54,3,5,3,353,"Loyal Customers",3,5,4,354,"Loyal Customers"
"17204",149,1,13.2,1,4,2,142,"Potential Customers",1,3,2,132,"Potential Customers"
"17211",150,1,7.95,1,4,2,142,"Potential Customers",1,3,1,131,"Potential Customers"
"17213",27,3,80.5,5,4,4,544,"Champions",5,5,5,555,"Champions"
"17214",196,1,4.95,1,4,1,141,"Potential Customers",1,3,1,131,"Potential Customers"
"17220",42,3,35.85,4,5,2,452,"Loyal Customers",4,5,4,454,"Champions"
"17226",195,1,75,1,4,5,145,"Potential Customers",1,3,5,135,"Potential Customers"
"17228",198,1,6.96,1,4,1,141,"Potential Customers",1,3,1,131,"Potential Customers"
"17229",28,1,1.65,4,2,1,421,"Potential Customers",4,3,1,431,"Loyal Customers"
"17231",76,4,27.13,3,5,1,351,"Loyal Customers",3,5,3,353,"Loyal Customers"
"17236",128,1,1.69,2,4,1,241,"Potential Customers",2,3,1,231,"Potential Customers"
"17238",70,2,31.72,3,5,2,352,"Loyal Customers",3,5,3,353,"Loyal Customers"
"17242",66,1,27.04,3,3,4,334,"Loyal Customers",3,3,3,333,"Loyal Customers"
"17243",64,2,53.5,3,5,3,353,"Loyal Customers",3,5,4,354,"Loyal Customers"
"17252",72,1,8.5,3,3,2,332,"Loyal Customers",3,3,1,331,"Loyal Customers"
"17256",199,1,7.8,1,4,1,141,"Potential Customers",1,3,1,131,"Potential Customers"
"17267",13,1,10.45,5,2,2,522,"Potential Customers",5,3,2,532,"Loyal Customers"
"17272",148,1,46.8,1,4,5,145,"Potential Customers",1,3,4,134,"Potential Customers"
"17277",209,1,25.5,1,4,4,144,"Potential Customers",1,3,3,133,"Potential Customers"
"17282",186,1,64.23,1,4,5,145,"Potential Customers",1,3,5,135,"Potential Customers"
"17284",6,2,19.05,5,4,1,541,"Loyal Customers",5,5,3,553,"Loyal Customers"
"17287",91,1,2.95,3,3,1,331,"Loyal Customers",3,3,1,331,"Loyal Customers"
"17293",5,1,22.46,5,2,4,524,"Potential Customers",5,3,3,533,"Loyal Customers"
"17306",162,2,471,1,5,5,155,"Potential Customers",1,5,5,155,"Potential Customers"
"17314",55,1,15.12,4,2,4,424,"Potential Customers",4,3,2,432,"Loyal Customers"
"17315",21,10,201.63,5,5,4,554,"Champions",5,5,5,555,"Champions"
"17320",122,1,25.2,2,4,4,244,"Potential Customers",2,3,3,233,"Potential Customers"
"17323",52,2,23.1,4,4,2,442,"Loyal Customers",4,5,3,453,"Loyal Customers"
"17329",202,1,68.58,1,4,5,145,"Potential Customers",1,3,5,135,"Potential Customers"
"17337",97,3,67.36,3,5,4,354,"Loyal Customers",3,5,5,355,"Loyal Customers"
"17338",47,5,99.99,4,5,4,454,"Champions",4,5,5,455,"Champions"
"17340",128,1,15,2,4,3,243,"Potential Customers",2,3,2,232,"Potential Customers"
"17341",42,1,12.5,4,2,3,423,"Potential Customers",4,3,2,432,"Loyal Customers"
"17346",64,2,4.2,3,5,1,351,"Loyal Customers",3,5,1,351,"Loyal Customers"
"17348",184,1,10.5,1,4,2,142,"Potential Customers",1,3,2,132,"Potential Customers"
"17356",198,1,8.5,1,4,2,142,"Potential Customers",1,3,1,131,"Potential Customers"
"17360",70,1,1.65,3,3,1,331,"Loyal Customers",3,3,1,331,"Loyal Customers"
"17362",125,1,8.5,2,4,2,242,"Potential Customers",2,3,1,231,"Potential Customers"
"17364",90,4,64.3,3,5,3,353,"Loyal Customers",3,5,5,355,"Loyal Customers"
"17365",55,2,32.89,4,4,3,443,"Loyal Customers",4,5,4,454,"Champions"
"17372",69,2,18.9,3,5,1,351,"Loyal Customers",3,5,3,353,"Loyal Customers"
"17377",12,2,12.5,5,4,1,541,"Loyal Customers",5,5,2,552,"Loyal Customers"
"17389",31,5,198.9,4,5,5,455,"Champions",4,5,5,455,"Champions"
"17398",96,1,15,3,3,3,333,"Loyal Customers",3,3,2,332,"Loyal Customers"
"17400",12,2,46.35,5,4,3,543,"Loyal Customers",5,5,4,554,"Champions"
"17404",42,3,181.8,4,5,5,455,"Champions",4,5,5,455,"Champions"
"17406",220,1,26.7,1,4,4,144,"Potential Customers",1,3,3,133,"Potential Customers"
"17409",134,1,35.4,2,4,4,244,"Potential Customers",2,3,4,234,"Potential Customers"
"17411",147,1,13.52,1,4,3,143,"Potential Customers",1,3,2,132,"Potential Customers"
"17416",62,3,149.75,3,5,5,355,"Loyal Customers",3,5,5,355,"Loyal Customers"
"17419",162,1,15,1,4,3,143,"Potential Customers",1,3,2,132,"Potential Customers"
"17422",106,1,34.8,2,4,4,244,"Potential Customers",2,3,4,234,"Potential Customers"
"17423",103,1,102,2,4,5,245,"Potential Customers",2,3,5,235,"Potential Customers"
"17426",61,2,25.68,3,5,1,351,"Loyal Customers",3,5,3,353,"Loyal Customers"
"17428",64,4,161.46,3,5,5,355,"Loyal Customers",3,5,5,355,"Loyal Customers"
"17429",14,1,12.16,5,2,2,522,"Potential Customers",5,3,2,532,"Loyal Customers"
"17431",200,1,5.1,1,4,1,141,"Potential Customers",1,3,1,131,"Potential Customers"
"17438",139,1,15.9,2,4,3,243,"Potential Customers",2,3,2,232,"Potential Customers"
"17442",7,2,43.2,5,4,3,543,"Loyal Customers",5,5,4,554,"Champions"
"17444",37,2,47.7,4,4,3,443,"Loyal Customers",4,5,4,454,"Champions"
"17446",197,1,13.2,1,4,2,142,"Potential Customers",1,3,2,132,"Potential Customers"
"17449",120,1,7.65,2,4,2,242,"Potential Customers",2,3,1,231,"Potential Customers"
"17460",111,1,15,2,4,3,243,"Potential Customers",2,3,2,232,"Potential Customers"
"17462",171,1,60,1,5,5,155,"Potential Customers",1,3,5,135,"Potential Customers"
"17470",13,1,10.4,5,2,2,522,"Potential Customers",5,3,2,532,"Loyal Customers"
"17472",175,2,8.95,1,5,2,152,"Potential Customers",1,5,1,151,"Potential Customers"
"17483",20,1,39.6,5,2,5,525,"Potential Customers",5,3,4,534,"Loyal Customers"
"17486",147,1,10.2,1,5,2,152,"Potential Customers",1,3,2,132,"Potential Customers"
"17491",70,3,81.9,3,5,4,354,"Loyal Customers",3,5,5,355,"Loyal Customers"
"17504",92,4,89.7,3,5,4,354,"Loyal Customers",3,5,5,355,"Loyal Customers"
"17507",147,2,22.07,1,5,4,154,"Potential Customers",1,5,3,153,"Potential Customers"
"17508",166,1,9.9,1,5,2,152,"Potential Customers",1,3,1,131,"Potential Customers"
"17511",28,8,800.54,4,5,5,455,"Champions",4,5,5,455,"Champions"
"17512",40,1,7.8,4,2,2,422,"Potential Customers",4,3,1,431,"Loyal Customers"
"17514",14,1,16.6,5,2,3,523,"Potential Customers",5,3,2,532,"Loyal Customers"
"17515",205,1,45.9,1,5,5,155,"Potential Customers",1,3,4,134,"Potential Customers"
"17517",195,1,19.8,1,5,3,153,"Potential Customers",1,3,3,133,"Potential Customers"
"17519",19,1,15.7,5,2,3,523,"Potential Customers",5,3,2,532,"Loyal Customers"
"17522",69,1,20.28,3,3,4,334,"Loyal Customers",3,3,3,333,"Loyal Customers"
"17530",92,2,5.85,3,5,1,351,"Loyal Customers",3,5,1,351,"Loyal Customers"
"17550",129,1,8.95,2,4,2,242,"Potential Customers",2,3,1,231,"Potential Customers"
"17554",34,1,50.15,4,3,4,434,"Loyal Customers",4,3,4,434,"Loyal Customers"
"17567",119,2,119,2,5,5,255,"Potential Customers",2,5,5,255,"Potential Customers"
"17571",31,2,2.33,4,4,1,441,"Loyal Customers",4,5,1,451,"Loyal Customers"
"17572",124,1,17.7,2,4,3,243,"Potential Customers",2,3,3,233,"Potential Customers"
"17576",36,5,34.6,4,5,1,451,"Loyal Customers",4,5,4,454,"Champions"
"17581",63,4,83,3,5,4,354,"Loyal Customers",3,5,5,355,"Loyal Customers"
"17582",122,1,1.65,2,4,1,241,"Potential Customers",2,3,1,231,"Potential Customers"
"17584",13,1,27.8,5,2,4,524,"Potential Customers",5,3,3,533,"Loyal Customers"
"17585",56,2,13.04,4,4,1,441,"Loyal Customers",4,5,2,452,"Loyal Customers"
"17589",126,1,7.8,2,4,2,242,"Potential Customers",2,3,1,231,"Potential Customers"
"17591",8,1,34,5,2,4,524,"Potential Customers",5,3,4,534,"Loyal Customers"
"17593",30,2,87.75,4,4,5,445,"Champions",4,5,5,455,"Champions"
"17596",77,1,10.2,3,3,2,332,"Loyal Customers",3,3,2,332,"Loyal Customers"
"17597",99,1,10.08,2,4,2,242,"Potential Customers",2,3,2,232,"Potential Customers"
"17602",211,1,3.75,1,5,1,151,"Potential Customers",1,3,1,131,"Potential Customers"
"17609",214,1,11,1,5,2,152,"Potential Customers",1,3,2,132,"Potential Customers"
"17611",41,6,62.18,4,5,3,453,"Loyal Customers",4,5,5,455,"Champions"
"17612",34,1,18.72,4,3,2,432,"Loyal Customers",4,3,3,433,"Loyal Customers"
"17613",3,5,87.9,5,5,2,552,"Loyal Customers",5,5,5,555,"Champions"
"17618",134,1,30,2,4,4,244,"Potential Customers",2,3,3,233,"Potential Customers"
"17619",199,1,10.48,1,5,2,152,"Potential Customers",1,3,2,132,"Potential Customers"
"17621",199,1,156.4,1,5,5,155,"Potential Customers",1,3,5,135,"Potential Customers"
"17624",104,1,35.7,2,4,4,244,"Potential Customers",2,3,4,234,"Potential Customers"
"17625",26,1,57.21,5,2,5,525,"Potential Customers",5,3,4,534,"Loyal Customers"
"17629",100,2,23.45,2,5,2,252,"Potential Customers",2,5,3,253,"Potential Customers"
"17630",55,2,57.6,4,4,4,444,"Champions",4,5,4,454,"Champions"
"17631",23,2,35.4,5,4,2,542,"Loyal Customers",5,5,4,554,"Champions"
"17633",6,1,16.5,5,2,3,523,"Potential Customers",5,3,2,532,"Loyal Customers"
"17634",98,1,10.2,2,4,3,243,"Potential Customers",2,3,2,232,"Potential Customers"
"17642",5,2,26.6,5,4,1,541,"Loyal Customers",5,5,3,553,"Loyal Customers"
"17644",6,3,42,5,4,3,543,"Loyal Customers",5,5,4,554,"Champions"
"17648",78,1,16.6,3,3,3,333,"Loyal Customers",3,3,2,332,"Loyal Customers"
"17652",76,1,17,3,3,3,333,"Loyal Customers",3,3,2,332,"Loyal Customers"
"17655",2,1,22.5,5,2,4,524,"Potential Customers",5,3,3,533,"Loyal Customers"
"17659",14,1,17.4,5,2,3,523,"Potential Customers",5,3,2,532,"Loyal Customers"
"17663",40,1,13.52,4,3,2,432,"Loyal Customers",4,3,2,432,"Loyal Customers"
"17664",98,1,10.5,2,4,3,243,"Potential Customers",2,3,2,232,"Potential Customers"
"17667",97,3,101.12,3,5,4,354,"Loyal Customers",3,5,5,355,"Loyal Customers"
"17669",125,1,179,2,4,5,245,"Potential Customers",2,3,5,235,"Potential Customers"
"17673",72,3,24.54,3,5,1,351,"Loyal Customers",3,5,3,353,"Loyal Customers"
"17675",8,9,248.3,5,5,4,554,"Champions",5,5,5,555,"Champions"
"17676",16,1,16.5,5,2,3,523,"Potential Customers",5,3,2,532,"Loyal Customers"
"17677",98,2,102.75,2,5,4,254,"Potential Customers",2,5,5,255,"Potential Customers"
"17678",149,1,15.6,1,5,3,153,"Potential Customers",1,3,2,132,"Potential Customers"
"17682",29,2,31.22,4,4,2,442,"Loyal Customers",4,5,3,453,"Loyal Customers"
"17685",216,1,7.8,1,5,2,152,"Potential Customers",1,3,1,131,"Potential Customers"
"17686",6,3,104.56,5,4,5,545,"Champions",5,5,5,555,"Champions"
"17690",73,3,39.7,3,5,2,352,"Loyal Customers",3,5,4,354,"Loyal Customers"
"17692",192,1,15,1,5,3,153,"Potential Customers",1,3,2,132,"Potential Customers"
"17693",23,1,17,5,2,3,523,"Potential Customers",5,3,2,532,"Loyal Customers"
"17696",163,1,15.12,1,5,3,153,"Potential Customers",1,3,2,132,"Potential Customers"
"17700",99,2,24.9,2,5,2,252,"Potential Customers",2,5,3,253,"Potential Customers"
"17702",92,1,16.5,3,3,3,333,"Loyal Customers",3,3,2,332,"Loyal Customers"
"17706",48,2,95.85,4,4,5,445,"Champions",4,5,5,455,"Champions"
"17708",211,1,1.25,1,5,1,151,"Potential Customers",1,3,1,131,"Potential Customers"
"17716",9,2,122.5,5,4,5,545,"Champions",5,5,5,555,"Champions"
"17719",23,3,53.52,5,5,1,551,"Loyal Customers",5,5,4,554,"Champions"
"17725",31,3,40.2,4,5,2,452,"Loyal Customers",4,5,4,454,"Champions"
"17730",119,1,32.5,2,4,4,244,"Potential Customers",2,3,4,234,"Potential Customers"
"17735",13,7,158.2,5,5,3,553,"Loyal Customers",5,5,5,555,"Champions"
"17738",34,2,32.8,4,4,3,443,"Loyal Customers",4,5,4,454,"Champions"
"17742",219,1,23.6,1,5,4,154,"Potential Customers",1,3,3,133,"Potential Customers"
"17749",142,1,46.55,2,4,5,245,"Potential Customers",2,3,4,234,"Potential Customers"
"17750",33,1,9.36,4,3,1,431,"Loyal Customers",4,3,1,431,"Loyal Customers"
"17754",28,1,10.5,4,3,1,431,"Loyal Customers",4,3,2,432,"Loyal Customers"
"17757",49,4,99.85,4,5,4,454,"Champions",4,5,5,455,"Champions"
"17758",38,4,27.86,4,5,1,451,"Loyal Customers",4,5,3,453,"Loyal Customers"
"17759",55,1,6.95,4,3,1,431,"Loyal Customers",4,3,1,431,"Loyal Customers"
"17764",97,1,15.3,3,3,3,333,"Loyal Customers",3,3,2,332,"Loyal Customers"
"17765",142,1,8.5,2,4,2,242,"Potential Customers",2,3,1,231,"Potential Customers"
"17768",52,1,45.35,4,3,3,433,"Loyal Customers",4,3,4,434,"Loyal Customers"
"17769",164,2,23.15,1,5,4,154,"Potential Customers",1,5,3,153,"Potential Customers"
"17771",210,1,6.45,1,5,1,151,"Potential Customers",1,3,1,131,"Potential Customers"
"17774",135,1,4.25,2,4,1,241,"Potential Customers",2,3,1,231,"Potential Customers"
"17779",29,1,22.83,4,3,3,433,"Loyal Customers",4,3,3,433,"Loyal Customers"
"17783",133,1,11.65,2,4,3,243,"Potential Customers",2,3,2,232,"Potential Customers"
"17786",204,1,4.25,1,5,1,151,"Potential Customers",1,3,1,131,"Potential Customers"
"17787",191,2,39.7,1,5,4,154,"Potential Customers",1,5,4,154,"Potential Customers"
"17790",132,1,8.75,2,4,2,242,"Potential Customers",2,3,1,231,"Potential Customers"
"17796",200,1,7.65,1,5,1,151,"Potential Customers",1,3,1,131,"Potential Customers"
"17799",49,5,45.88,4,5,2,452,"Loyal Customers",4,5,4,454,"Champions"
"17800",47,1,2.1,4,3,1,431,"Loyal Customers",4,3,1,431,"Loyal Customers"
"17802",66,1,6.24,3,3,1,331,"Loyal Customers",3,3,1,331,"Loyal Customers"
"17809",15,1,7.56,5,2,1,521,"Potential Customers",5,3,1,531,"Loyal Customers"
"17811",179,2,43.2,1,5,4,154,"Potential Customers",1,5,4,154,"Potential Customers"
"17817",163,1,4.95,1,5,1,151,"Potential Customers",1,3,1,131,"Potential Customers"
"17819",68,1,350.4,3,3,5,335,"Loyal Customers",3,3,5,335,"Loyal Customers"
"17827",128,1,5.85,2,4,1,241,"Potential Customers",2,3,1,231,"Potential Customers"
"17828",70,1,5.1,3,3,1,331,"Loyal Customers",3,3,1,331,"Loyal Customers"
"17829",185,1,17.4,1,5,3,153,"Potential Customers",1,3,2,132,"Potential Customers"
"17837",34,1,5.8,4,3,1,431,"Loyal Customers",4,3,1,431,"Loyal Customers"
"17838",179,1,59.4,1,5,5,155,"Potential Customers",1,3,4,134,"Potential Customers"
"17841",3,38,324.86,5,5,5,555,"Champions",5,5,5,555,"Champions"
"17843",190,1,1.7,1,5,1,151,"Potential Customers",1,3,1,131,"Potential Customers"
"17849",104,1,15.9,2,4,3,243,"Potential Customers",2,3,2,232,"Potential Customers"
"17854",71,1,102,3,3,5,335,"Loyal Customers",3,3,5,335,"Loyal Customers"
"17858",2,2,28.05,5,4,2,542,"Loyal Customers",5,5,3,553,"Loyal Customers"
"17861",22,3,53.96,5,5,1,551,"Loyal Customers",5,5,4,554,"Champions"
"17863",140,1,10.08,2,4,3,243,"Potential Customers",2,3,2,232,"Potential Customers"
"17865",47,2,39.6,4,4,3,443,"Loyal Customers",4,5,4,454,"Champions"
"17869",132,1,5.45,2,4,1,241,"Potential Customers",2,3,1,231,"Potential Customers"
"17871",90,1,16.6,3,3,3,333,"Loyal Customers",3,3,2,332,"Loyal Customers"
"17874",111,1,3.9,2,4,1,241,"Potential Customers",2,3,1,231,"Potential Customers"
"17883",132,1,3.25,2,4,1,241,"Potential Customers",2,3,1,231,"Potential Customers"
"17894",172,1,3.75,1,5,1,151,"Potential Customers",1,3,1,131,"Potential Customers"
"17897",58,1,2.08,4,3,1,431,"Loyal Customers",4,3,1,431,"Loyal Customers"
"17917",142,1,4.55,2,4,1,241,"Potential Customers",2,3,1,231,"Potential Customers"
"17920",47,2,15.85,4,4,2,442,"Loyal Customers",4,5,2,452,"Loyal Customers"
"17921",34,1,2.95,4,3,1,431,"Loyal Customers",4,3,1,431,"Loyal Customers"
"17931",141,1,30.1,2,4,4,244,"Potential Customers",2,3,3,233,"Potential Customers"
"17937",143,1,30,2,4,4,244,"Potential Customers",2,3,3,233,"Potential Customers"
"17949",100,1,816,2,4,5,245,"Potential Customers",2,3,5,235,"Potential Customers"
"17954",48,4,63.3,4,5,3,453,"Loyal Customers",4,5,5,455,"Champions"
"17961",61,1,1.95,3,3,1,331,"Loyal Customers",3,3,1,331,"Loyal Customers"
"17965",20,3,18.45,5,5,1,551,"Loyal Customers",5,5,3,553,"Loyal Customers"
"17970",97,1,29.75,3,3,4,334,"Loyal Customers",3,3,3,333,"Loyal Customers"
"17975",44,2,12.45,4,4,1,441,"Loyal Customers",4,5,2,452,"Loyal Customers"
"17979",54,1,17.7,4,3,2,432,"Loyal Customers",4,3,3,433,"Loyal Customers"
"17980",90,1,30,3,3,4,334,"Loyal Customers",3,3,3,333,"Loyal Customers"
"17994",177,1,16.5,1,5,3,153,"Potential Customers",1,4,2,142,"Potential Customers"
"17997",38,1,12,4,3,2,432,"Loyal Customers",4,4,2,442,"Loyal Customers"
"18009",121,1,3.3,2,4,1,241,"Potential Customers",2,4,1,241,"Potential Customers"
"18016",72,1,10.08,3,3,2,332,"Loyal Customers",3,4,2,342,"Loyal Customers"
"18036",131,1,6.6,2,4,2,242,"Potential Customers",2,4,1,241,"Potential Customers"
"18041",29,3,26.45,4,5,1,451,"Loyal Customers",4,5,3,453,"Loyal Customers"
"18044",135,2,45.66,2,5,3,253,"Potential Customers",2,5,4,254,"Potential Customers"
"18055",14,3,58.2,5,5,2,552,"Loyal Customers",5,5,4,554,"Champions"
"18061",37,1,63.6,4,3,4,434,"Loyal Customers",4,4,5,445,"Champions"
"18062",106,1,19.8,2,4,4,244,"Potential Customers",2,4,3,243,"Potential Customers"
"18065",175,1,25.2,1,5,4,154,"Potential Customers",1,4,3,143,"Potential Customers"
"18069",66,3,23,3,5,1,351,"Loyal Customers",3,5,3,353,"Loyal Customers"
"18072",71,1,2.88,3,3,1,331,"Loyal Customers",3,4,1,341,"Loyal Customers"
"18073",14,2,51.9,5,4,3,543,"Loyal Customers",5,5,4,554,"Champions"
"18077",6,1,24.96,5,2,4,524,"Potential Customers",5,4,3,543,"Loyal Customers"
"18079",12,2,73.04,5,4,4,544,"Champions",5,5,5,555,"Champions"
"18085",217,1,10.2,1,5,2,152,"Potential Customers",1,4,2,142,"Potential Customers"
"18086",160,1,6.96,1,5,1,151,"Potential Customers",1,4,1,141,"Potential Customers"
"18092",5,1,61.2,5,2,5,525,"Potential Customers",5,4,5,545,"Champions"
"18094",124,1,45,2,4,5,245,"Potential Customers",2,4,4,244,"Potential Customers"
"18102",64,3,2199.78,3,5,5,355,"Loyal Customers",3,5,5,355,"Loyal Customers"
"18106",216,1,9.3,1,5,2,152,"Potential Customers",1,4,1,141,"Potential Customers"
"18108",140,1,15.8,2,4,3,243,"Potential Customers",2,4,2,242,"Potential Customers"
"18109",24,4,60.25,5,5,2,552,"Loyal Customers",5,5,5,555,"Champions"
"18114",177,1,3.75,1,5,1,151,"Potential Customers",1,4,1,141,"Potential Customers"
"18116",136,1,1.95,2,4,1,241,"Potential Customers",2,4,1,241,"Potential Customers"
"18118",33,7,52.06,4,5,2,452,"Loyal Customers",4,5,4,454,"Champions"
"18120",100,1,16.1,2,4,3,243,"Potential Customers",2,4,2,242,"Potential Customers"
"18121",40,1,50,4,3,4,434,"Loyal Customers",4,4,4,444,"Champions"
"18125",87,2,15.4,3,5,1,351,"Loyal Customers",3,5,2,352,"Loyal Customers"
"18143",2,1,57.63,5,2,5,525,"Potential Customers",5,4,4,544,"Champions"
"18145",90,2,35.96,3,5,2,352,"Loyal Customers",3,5,4,354,"Loyal Customers"
"18150",26,1,17.4,5,2,4,524,"Potential Customers",5,4,2,542,"Loyal Customers"
"18151",20,2,38.4,5,4,2,542,"Loyal Customers",5,5,4,554,"Champions"
"18155",178,1,10.2,1,5,2,152,"Potential Customers",1,4,2,142,"Potential Customers"
"18159",188,1,17.7,1,5,3,153,"Potential Customers",1,4,3,143,"Potential Customers"
"18161",206,1,13.5,1,5,2,152,"Potential Customers",1,4,2,142,"Potential Customers"
"18168",189,1,3.4,1,5,1,151,"Potential Customers",1,4,1,141,"Potential Customers"
"18172",176,1,99.3,1,5,5,155,"Potential Customers",1,4,5,145,"Potential Customers"
"18177",90,1,15.3,3,3,3,333,"Loyal Customers",3,4,2,342,"Loyal Customers"
"18178",14,2,36.08,5,4,2,542,"Loyal Customers",5,5,4,554,"Champions"
"18179",213,1,14.85,1,5,3,153,"Potential Customers",1,4,2,142,"Potential Customers"
"18183",113,1,17.7,2,4,3,243,"Potential Customers",2,4,3,243,"Potential Customers"
"18189",153,1,30.9,1,5,4,154,"Potential Customers",1,4,3,143,"Potential Customers"
"18190",78,1,26,3,3,4,334,"Loyal Customers",3,4,3,343,"Loyal Customers"
"18196",177,1,6.25,1,5,1,151,"Potential Customers",1,4,1,141,"Potential Customers"
"18202",198,1,19.8,1,5,3,153,"Potential Customers",1,4,3,143,"Potential Customers"
"18203",43,1,1.95,4,3,1,431,"Loyal Customers",4,4,1,441,"Loyal Customers"
"18204",78,1,1.95,3,3,1,331,"Loyal Customers",3,4,1,341,"Loyal Customers"
"18211",22,1,13.2,5,2,2,522,"Potential Customers",5,4,2,542,"Loyal Customers"
"18212",213,1,8.5,1,5,2,152,"Potential Customers",1,4,1,141,"Potential Customers"
"18219",54,1,19.8,4,3,3,433,"Loyal Customers",4,4,3,443,"Loyal Customers"
"18221",1,3,39.57,5,5,1,551,"Loyal Customers",5,5,4,554,"Champions"
"18223",58,4,125.38,4,5,4,454,"Champions",4,5,5,455,"Champions"
"18225",35,3,44.04,4,5,2,452,"Loyal Customers",4,5,4,454,"Champions"
"18226",21,2,26.34,5,4,1,541,"Loyal Customers",5,5,3,553,"Loyal Customers"
"18229",33,3,108.5,4,5,4,454,"Champions",4,5,5,455,"Champions"
"18231",121,2,27.45,2,5,2,252,"Potential Customers",2,5,3,253,"Potential Customers"
"18236",15,1,10.5,5,2,2,522,"Potential Customers",5,4,2,542,"Loyal Customers"
"18239",104,2,72.9,2,5,4,254,"Potential Customers",2,5,5,255,"Potential Customers"
"18242",99,1,40.56,2,4,4,244,"Potential Customers",2,4,4,244,"Potential Customers"
"18245",97,1,5.04,3,3,1,331,"Loyal Customers",3,4,1,341,"Loyal Customers"
"18250",197,1,14.85,1,5,3,153,"Potential Customers",1,4,2,142,"Potential Customers"
"18257",92,1,16.5,3,3,3,333,"Loyal Customers",3,4,2,342,"Loyal Customers"
"18260",58,1,16.5,4,3,2,432,"Loyal Customers",4,4,2,442,"Loyal Customers"
"18272",36,2,108,4,4,5,445,"Champions",4,5,5,455,"Champions"
"18282",12,1,13.5,5,2,2,522,"Potential Customers",5,4,2,542,"Loyal Customers"
"18283",34,7,33.47,4,5,1,451,"Loyal Customers",4,5,4,454,"Champions"
"NA",5,453,17619.2,5,5,5,555,"Champions",5,5,5,555,"Champions"
